12/28/2022,11:21:00 AM,42999.7,43000.8,42989.2,42999.1,42953.905,42914.41375,,,,
12/28/2022,11:22:00 AM,42999.6,43008.7,42995.4,43007.4,42956.4175,42915.945,,,,
12/28/2022,11:23:00 AM,43005.6,43006.8,42983.6,42983.6,42958.56,42917.205,,,,
12/28/2022,11:24:00 AM,42984.4,42988.9,42983.0,42984.8,42960.6375,42918.3675,,,,
12/28/2022,11:25:00 AM,42982.9,42985.1,42961.3,42968.2,42962.1275,42919.36875,,,,
12/28/2022,11:26:00 AM,42967.1,42976.2,42962.4,42965.6,42963.55,42920.4375,,,,
12/28/2022,11:27:00 AM,42964.9,42965.6,42951.2,42961.4,42964.925,42921.30625,,,,
12/28/2022,11:28:00 AM,42960.0,42974.1,42952.2,42968.0,42966.7825,42922.36875,,,,
12/28/2022,11:29:00 AM,42969.4,42990.4,42968.7,42975.6,42968.7625,42923.46875,,,,
12/28/2022,11:30:00 AM,42981.9,42981.9,42963.1,42967.3,42969.8175,42924.4025,,,,
12/28/2022,11:31:00 AM,42965.6,42965.6,42933.6,42937.7,42969.995,42924.74375,,,,
12/28/2022,11:32:00 AM,42937.4,42953.1,42935.9,42943.6,42970.375,42924.59,,,,
12/28/2022,11:33:00 AM,42943.1,42958.6,42943.1,42956.4,42970.705,42924.74375,,,,
12/28/2022,11:34:00 AM,42956.9,42960.4,42937.3,42957.5,42970.9025,42924.87,,,,
12/28/2022,11:35:00 AM,42952.4,42952.6,42937.4,42937.4,42970.485,42924.82625,,,,
12/28/2022,11:36:00 AM,42931.1,42948.3,42930.1,42942.9,42970.355,42924.905,,,,
12/28/2022,11:37:00 AM,42940.6,42954.0,42924.9,42951.9,42970.765,42924.6175,,,,
12/28/2022,11:38:00 AM,42952.2,42952.5,42935.6,42944.0,42970.3175,42924.385,,,,
12/28/2022,11:39:00 AM,42946.8,42966.9,42943.6,42957.9,42970.3325,42924.47125,,,,
12/28/2022,11:40:00 AM,42958.5,42968.8,42956.9,42964.6,42970.4,42925.27125,,,,
12/28/2022,11:41:00 AM,42964.9,42974.7,42960.9,42971.4,42970.37,42927.122500000005,,,,
12/28/2022,11:42:00 AM,42975.0,42992.7,42967.6,42980.6,42971.0125,42929.135,,,,
12/28/2022,11:43:00 AM,42979.1,42980.9,42961.3,42962.4,42971.5075,42930.73625,,,,
12/28/2022,11:44:00 AM,42961.8,42968.7,42956.6,42964.9,42971.6575,42932.3375,,,,
12/28/2022,11:45:00 AM,42969.8,42970.6,42956.4,42964.0,42971.665,42934.0475,,,,
12/28/2022,11:46:00 AM,42964.1,42979.4,42964.1,42978.6,42972.0075,42936.245,,,,
12/28/2022,11:47:00 AM,42978.6,42988.1,42976.4,42986.1,42972.72,42938.56999999999,,,,
12/28/2022,11:48:00 AM,42987.6,42987.6,42965.1,42970.4,42973.395,42940.62,,,,
12/28/2022,11:49:00 AM,42968.9,42982.4,42962.4,42974.8,42973.745,42942.4975,,,,
12/28/2022,11:50:00 AM,42981.0,42981.0,42973.1,42979.6,42973.802500000005,42944.3575,,,,
12/28/2022,11:51:00 AM,42982.9,42983.1,42967.3,42972.4,42973.2475,42945.87625,,,,
12/28/2022,11:52:00 AM,42974.1,42976.5,42968.6,42974.9,42972.53,42947.80125,,,,
12/28/2022,11:53:00 AM,42975.8,42978.4,42967.1,42972.6,42971.8925,42949.57125,,,,
12/28/2022,11:54:00 AM,42971.4,42979.9,42968.4,42973.0,42970.9175,42951.255,,,,
12/28/2022,11:55:00 AM,42973.2,42982.1,42973.2,42980.1,42970.4125,42952.96125,,,,
12/28/2022,11:56:00 AM,42979.9,42989.9,42979.9,42986.4,42970.315,42954.7,,,,
12/28/2022,11:57:00 AM,42988.6,42995.8,42983.3,42991.9,42970.51,42956.4625,,,,
12/28/2022,11:58:00 AM,42992.9,42992.9,42964.4,42967.9,42970.33500000001,42957.9325,,,,
12/28/2022,11:59:00 AM,42967.9,42974.9,42958.8,42968.4,42969.8675,42959.07625,,,,
12/28/2022,12:00:00 PM,42964.5,42973.9,42964.5,42973.4,42969.217500000006,42960.22375,,,,
12/28/2022,12:01:00 PM,42974.5,42981.9,42968.5,42972.2,42968.545,42961.225,,,,
12/28/2022,12:02:00 PM,42974.3,42978.4,42965.9,42967.1,42967.5375,42961.97749999999,,,,
12/28/2022,12:03:00 PM,42968.9,42969.2,42956.4,42960.2,42966.9525,42962.75625,,,,
12/28/2022,12:04:00 PM,42961.4,42971.8,42961.0,42964.9,42966.455,42963.54625,,,,
12/28/2022,12:05:00 PM,42964.9,42982.8,42962.0,42973.1,42966.5775,42964.3525,,,,
12/28/2022,12:06:00 PM,42973.5,42977.1,42967.6,42968.1,42966.64,42965.095,,,,
12/28/2022,12:07:00 PM,42968.4,42985.9,42968.4,42983.4,42967.19,42966.0575,,,,
12/28/2022,12:08:00 PM,42984.3,42984.3,42971.8,42974.1,42967.3425,42967.0625,,,,
12/28/2022,12:09:00 PM,42974.2,42982.3,42972.4,42976.4,42967.3625,42968.0625,,,42976.4,42941.700000000004
12/28/2022,12:10:00 PM,42976.5,42988.0,42974.0,42987.2,42967.86,42968.83875,,,,
12/28/2022,12:11:00 PM,42988.9,43001.1,42987.1,42992.8,42969.2375,42969.61625000001,,,,
12/28/2022,12:12:00 PM,42994.4,42998.9,42983.2,42990.4,42970.4075,42970.39125,42990.4,42996.6,,
12/28/2022,12:13:00 PM,42990.3,42996.3,42985.6,42990.3,42971.255,42970.98,,,,
12/28/2022,12:14:00 PM,42992.3,42995.0,42986.5,42986.6,42971.9825,42971.4425,,,,
12/28/2022,12:15:00 PM,42988.4,42990.2,42978.6,42980.8,42973.0675,42971.77625,,,,
12/28/2022,12:16:00 PM,42977.1,42994.8,42971.6,42994.8,42974.365000000005,42972.36,,,,
12/28/2022,12:17:00 PM,42993.5,43033.2,42993.5,43011.1,42975.845,42973.305,,,,
12/28/2022,12:18:00 PM,43012.5,43031.1,43007.1,43027.1,42977.9225,42974.12,,,,
12/28/2022,12:19:00 PM,43029.9,43034.9,43007.4,43010.6,42979.240000000005,42974.78625,,,,
12/28/2022,12:20:00 PM,43010.9,43011.1,42982.3,42996.6,42980.03999999999,42975.22,,,,
12/28/2022,12:21:00 PM,42996.3,43001.1,42966.2,42969.1,42979.9825,42975.17625,,,,
12/28/2022,12:22:00 PM,42972.2,42972.2,42927.2,42933.5,42978.805,42974.90875,,,,
12/28/2022,12:23:00 PM,42930.9,42945.5,42919.0,42936.9,42978.1675,42974.8375,,,,
12/28/2022,12:24:00 PM,42935.7,42950.0,42932.4,42950.0,42977.795,42974.72625,,,,
12/28/2022,12:25:00 PM,42949.6,42972.1,42942.4,42964.1,42977.7975,42974.73125,,,,
12/28/2022,12:26:00 PM,42959.5,42964.7,42943.9,42951.6,42977.122500000005,42974.565,,,,
12/28/2022,12:27:00 PM,42948.1,42951.8,42941.8,42947.3,42976.1525,42974.43625,,,,
12/28/2022,12:28:00 PM,42946.6,42950.8,42932.4,42937.0,42975.3175,42974.35625,,,,
12/28/2022,12:29:00 PM,42931.6,42937.6,42923.1,42928.3,42974.155,42973.95,,,,
12/28/2022,12:30:00 PM,42928.1,42928.2,42910.5,42919.4,42972.65,42973.22625,,,42919.4,42879.0
12/28/2022,12:31:00 PM,42919.5,42940.6,42916.3,42936.4,42971.75,42972.49875,,,,
12/28/2022,12:32:00 PM,42932.2,42946.6,42929.1,42934.0,42970.7275,42971.62875,,,,
12/28/2022,12:33:00 PM,42934.3,42944.0,42934.3,42938.9,42969.885,42970.88875,,,,
12/28/2022,12:34:00 PM,42939.8,42939.8,42934.1,42938.9,42969.0325,42969.975,,,,
12/28/2022,12:35:00 PM,42938.1,42949.4,42936.3,42943.4,42968.115,42969.26375,,,,
12/28/2022,12:36:00 PM,42940.3,42956.5,42937.6,42948.8,42967.175,42968.745,,,,
12/28/2022,12:37:00 PM,42948.2,42960.4,42940.3,42959.8,42966.372500000005,42968.44125,,,,
12/28/2022,12:38:00 PM,42958.1,42966.6,42953.1,42966.6,42966.34,42968.3375,,,,
12/28/2022,12:39:00 PM,42964.3,42964.3,42931.7,42945.8,42965.775,42967.82125,,,,
12/28/2022,12:40:00 PM,42942.7,42942.7,42916.1,42919.1,42964.4175,42966.8175,,,,
12/28/2022,12:41:00 PM,42918.7,42918.7,42890.3,42895.2,42962.4925,42965.51875,,,,
12/28/2022,12:42:00 PM,42896.1,42902.3,42880.1,42886.1,42960.467500000006,42964.0025,,,,
12/28/2022,12:43:00 PM,42884.4,42909.4,42884.4,42907.4,42959.1475,42963.05,,,,
12/28/2022,12:44:00 PM,42907.1,42910.0,42901.0,42902.2,42957.58,42962.0175,,,,
12/28/2022,12:45:00 PM,42904.0,42914.6,42898.3,42907.6,42955.9425,42961.26,,,,
12/28/2022,12:46:00 PM,42907.6,42915.8,42906.3,42906.6,42954.405,42960.5225,,,,
12/28/2022,12:47:00 PM,42906.6,42922.4,42901.4,42904.9,42952.4425,42959.81625,,,,
12/28/2022,12:48:00 PM,42903.9,42914.1,42899.7,42910.3,42950.8475,42959.095,,,,
12/28/2022,12:49:00 PM,42909.6,42939.3,42885.7,42939.3,42949.92,42958.64125,,,,
12/28/2022,12:50:00 PM,42938.6,42938.6,42916.4,42921.4,42948.275,42958.0675,,,,
12/28/2022,12:51:00 PM,42921.4,42926.2,42897.4,42900.4,42945.965,42957.60125,,,,
12/28/2022,12:52:00 PM,42903.3,42918.0,42903.3,42915.8,42944.1,42957.25375,,,,
12/28/2022,12:53:00 PM,42916.5,42916.5,42890.3,42906.5,42942.005,42956.63,,,,
12/28/2022,12:54:00 PM,42907.8,42913.0,42901.9,42902.9,42939.912500000006,42955.9475,,,,
12/28/2022,12:55:00 PM,42900.8,42921.3,42893.9,42907.4,42938.0775,42955.5725,,,,
12/28/2022,12:56:00 PM,42906.1,42908.0,42892.3,42892.3,42935.515,42954.94,,,,
12/28/2022,12:57:00 PM,42896.2,42907.4,42881.1,42907.4,42932.9225,42954.38375,,,,
12/28/2022,12:58:00 PM,42908.2,42922.3,42907.4,42912.6,42930.060000000005,42953.99125000001,,,,
12/28/2022,12:59:00 PM,42914.4,42916.2,42901.1,42903.1,42927.3725,42953.30625,,,,
12/28/2022,01:00:00 PM,42901.9,42924.9,42901.8,42921.8,42925.5025,42952.771250000005,,,,
12/28/2022,01:01:00 PM,42921.4,42942.1,42920.6,42935.3,42924.6575,42952.31999999999,,,,
12/28/2022,01:02:00 PM,42937.8,42937.8,42905.6,42913.6,42924.16,42951.4825,,,,
12/28/2022,01:03:00 PM,42912.3,42916.1,42899.4,42907.4,42923.4225,42950.795,,,,
12/28/2022,01:04:00 PM,42907.0,42915.2,42897.6,42898.9,42922.145,42949.97,,,,
12/28/2022,01:05:00 PM,42898.5,42905.9,42892.6,42894.1,42920.395,42949.09625,,,,
12/28/2022,01:06:00 PM,42892.8,42902.5,42883.9,42885.6,42918.745,42947.93375,,,,
12/28/2022,01:07:00 PM,42883.6,42888.9,42871.1,42883.9,42917.16,42946.65625,,,,
12/28/2022,01:08:00 PM,42882.1,42885.3,42854.6,42855.4,42915.12,42945.21875,,,,
12/28/2022,01:09:00 PM,42856.5,42859.9,42847.0,42851.4,42913.1975,42943.67625,,,,
12/28/2022,01:10:00 PM,42848.4,42870.0,42848.4,42858.6,42911.6775,42942.16375,,,,
12/28/2022,01:11:00 PM,42858.9,42863.6,42854.1,42861.1,42909.795,42940.7725,,,,
12/28/2022,01:12:00 PM,42861.1,42879.6,42860.1,42877.6,42908.385,42939.55625,,,,
12/28/2022,01:13:00 PM,42881.5,42892.4,42874.3,42874.3,42906.77,42938.3275,,,,
12/28/2022,01:14:00 PM,42874.8,42876.9,42861.6,42862.7,42904.865000000005,42936.94875,,,,
12/28/2022,01:15:00 PM,42859.9,42880.7,42855.4,42869.8,42903.025,42935.57,,,,
12/28/2022,01:16:00 PM,42874.3,42876.8,42864.0,42866.1,42900.9575,42934.06625,,,,
12/28/2022,01:17:00 PM,42865.2,42867.7,42841.4,42853.9,42898.31,42932.341250000005,,,,
12/28/2022,01:18:00 PM,42853.6,42864.8,42849.6,42854.5,42895.50749999999,42930.92375,,,,
12/28/2022,01:19:00 PM,42853.4,42866.0,42849.2,42860.3,42893.37,42929.5725,,,,
12/28/2022,01:20:00 PM,42859.0,42869.0,42855.4,42869.0,42892.1175,42928.2675,,,,
12/28/2022,01:21:00 PM,42867.9,42878.6,42865.8,42869.1,42891.465,42926.97875,,,,
12/28/2022,01:22:00 PM,42869.7,42889.7,42869.4,42883.4,42891.3975,42925.9325,,,,
12/28/2022,01:23:00 PM,42884.5,42901.4,42874.4,42882.3,42890.77,42924.958750000005,,,,
12/28/2022,01:24:00 PM,42880.0,42886.5,42865.9,42881.9,42890.2625,42923.92125,,,,
12/28/2022,01:25:00 PM,42883.9,42887.4,42872.6,42879.6,42889.5625,42922.7525,,,,
12/28/2022,01:26:00 PM,42876.3,42876.8,42837.8,42841.9,42887.945,42921.175,,,,
12/28/2022,01:27:00 PM,42842.0,42863.1,42838.3,42849.7,42886.565,42919.50375,,,,
12/28/2022,01:28:00 PM,42851.4,42870.1,42842.9,42865.9,42885.455,42918.15125,,,,
12/28/2022,01:29:00 PM,42868.1,42868.1,42845.6,42858.4,42883.4325,42916.67625,,,,
12/28/2022,01:30:00 PM,42859.1,42872.1,42854.9,42868.0,42882.0975,42915.186250000006,,,,
12/28/2022,01:31:00 PM,42867.0,42868.9,42859.8,42866.1,42881.240000000005,42913.6025,,,,
12/28/2022,01:32:00 PM,42868.2,42878.6,42862.6,42877.9,42880.2925,42912.19625,,,,
12/28/2022,01:33:00 PM,42877.6,42885.9,42877.6,42883.4,42879.715,42910.86,,,,
12/28/2022,01:34:00 PM,42882.4,42884.4,42870.8,42877.6,42879.0825,42909.497500000005,,,,
12/28/2022,01:35:00 PM,42882.6,42927.8,42882.6,42907.9,42879.095,42908.58625,,,,
12/28/2022,01:36:00 PM,42906.6,42909.7,42895.9,42906.4,42879.4475,42907.48125,,,,
12/28/2022,01:37:00 PM,42911.8,42914.1,42897.9,42897.9,42879.21000000001,42906.06625,,,,
12/28/2022,01:38:00 PM,42899.9,42910.9,42896.1,42904.6,42879.01,42904.535,,,,
12/28/2022,01:39:00 PM,42904.1,42911.1,42898.6,42903.4,42879.0175,42903.195,,,,
12/28/2022,01:40:00 PM,42901.3,42912.4,42883.7,42911.9,42878.77,42902.13625,,,,
12/28/2022,01:41:00 PM,42915.8,42941.8,42915.8,42919.8,42878.3825,42901.52,,,,
12/28/2022,01:42:00 PM,42916.1,42924.3,42915.4,42921.3,42878.575,42901.3675,,,,
12/28/2022,01:43:00 PM,42923.1,42923.9,42901.0,42903.8,42878.485,42900.95375,,,,
12/28/2022,01:44:00 PM,42906.2,42908.5,42892.1,42907.1,42878.69,42900.4175,,,,
12/28/2022,01:45:00 PM,42907.4,42919.4,42907.4,42909.4,42879.0725,42899.73375,,,,
12/28/2022,01:46:00 PM,42911.4,42934.2,42908.8,42934.2,42880.2875,42899.51625,,,,
12/28/2022,01:47:00 PM,42929.8,42940.4,42927.4,42934.6,42881.555,42899.3575,,,,
12/28/2022,01:48:00 PM,42934.5,42956.2,42930.7,42954.3,42884.0275,42899.57375,,,,
12/28/2022,01:49:00 PM,42947.7,42968.4,42947.7,42963.1,42886.82,42900.00874999999,,,,
12/28/2022,01:50:00 PM,42962.4,42969.4,42945.8,42948.1,42889.0575,42900.3675,,,,
12/28/2022,01:51:00 PM,42950.4,42961.8,42943.9,42961.8,42891.575,42900.685000000005,,,,
12/28/2022,01:52:00 PM,42960.8,42974.8,42956.4,42972.6,42893.95,42901.1675,,,,
12/28/2022,01:53:00 PM,42970.5,42972.4,42958.9,42960.6,42896.1075,42901.43875,,,,
12/28/2022,01:54:00 PM,42962.1,42964.9,42956.1,42962.3,42898.5975,42901.73125,,,,
12/28/2022,01:55:00 PM,42964.9,42967.7,42954.9,42967.7,42901.045,42902.035,,,,
12/28/2022,01:56:00 PM,42965.1,42971.4,42963.1,42964.4,42903.5025,42902.23,42964.4,42933.1,,
12/28/2022,01:57:00 PM,42964.9,42971.5,42956.1,42956.1,42906.0575,42902.18375,,,,
12/28/2022,01:58:00 PM,42958.9,42959.6,42949.5,42950.1,42908.4475,42901.9775,,,,
12/28/2022,01:59:00 PM,42948.8,42951.9,42932.4,42933.1,42910.2675,42901.81875,,,,
12/28/2022,02:00:00 PM,42932.6,42942.4,42932.6,42939.8,42912.0375,42902.0775,,,,
12/28/2022,02:01:00 PM,42942.8,42958.3,42939.2,42942.3,42913.8675,42902.66625,,,,
12/28/2022,02:02:00 PM,42940.9,42945.4,42928.0,42931.6,42915.0725,42903.235,,,,
12/28/2022,02:03:00 PM,42930.8,42940.3,42925.6,42938.4,42916.475,42903.622500000005,,,,
12/28/2022,02:04:00 PM,42936.2,42950.2,42935.4,42947.4,42918.1125,42904.1875,,,,
12/28/2022,02:05:00 PM,42948.8,42963.4,42946.2,42954.1,42919.975,42904.76875,,,,
12/28/2022,02:06:00 PM,42957.4,42966.3,42954.7,42964.4,42923.0375,42905.49125000001,,,,
12/28/2022,02:07:00 PM,42964.2,42967.1,42951.5,42959.5,42925.7825,42906.17375,,,,
12/28/2022,02:08:00 PM,42959.8,42973.1,42958.4,42966.4,42928.295,42906.875,,,,
12/28/2022,02:09:00 PM,42968.2,42973.9,42961.1,42969.8,42931.08,42907.25625,,,,
12/28/2022,02:10:00 PM,42971.3,42975.6,42952.6,42962.1,42933.4325,42907.765,,,,
12/28/2022,02:11:00 PM,42958.8,42964.1,42952.2,42953.6,42935.62,42908.43,,,,
12/28/2022,02:12:00 PM,42951.9,42954.9,42938.0,42940.6,42937.1875,42908.740000000005,,,,
12/28/2022,02:13:00 PM,42940.7,42942.1,42932.4,42938.9,42938.575,42909.145,,,,
12/28/2022,02:14:00 PM,42941.9,42957.6,42941.5,42950.8,42940.405000000006,42909.74375,,,,
12/28/2022,02:15:00 PM,42958.1,42958.6,42945.3,42945.3,42941.34,42910.217500000006,,,,
12/28/2022,02:16:00 PM,42947.4,42949.6,42940.6,42946.2,42942.33500000001,42910.89125,,,,
12/28/2022,02:17:00 PM,42951.5,42964.9,42947.1,42956.6,42943.8025,42911.50625,,,,
12/28/2022,02:18:00 PM,42958.3,42968.3,42924.1,42928.9,42944.41,42911.71,,,,
12/28/2022,02:19:00 PM,42928.1,42936.9,42913.2,42915.6,42944.715,42911.86625,,,,
12/28/2022,02:20:00 PM,42917.6,42923.3,42907.8,42907.8,42944.6125,42911.69125,,,,
12/28/2022,02:21:00 PM,42907.4,42921.6,42907.4,42914.0,42944.4675,42911.425,,,,
12/28/2022,02:22:00 PM,42919.3,42924.0,42911.7,42921.3,42944.4675,42911.521250000005,,,,
12/28/2022,02:23:00 PM,42919.4,42919.4,42895.8,42906.8,42944.5425,42911.51375,,,,
12/28/2022,02:24:00 PM,42908.1,42919.4,42900.4,42919.1,42944.8425,42911.76625,,,,
12/28/2022,02:25:00 PM,42914.6,42946.6,42914.6,42941.6,42945.64750000001,42912.36,,,,
12/28/2022,02:26:00 PM,42943.3,42958.2,42941.1,42957.3,42946.225,42913.25625,,,,
12/28/2022,02:27:00 PM,42958.6,42962.6,42940.6,42957.0,42946.785,42914.17,,,,
12/28/2022,02:28:00 PM,42959.2,42968.3,42950.1,42964.4,42947.0375,42915.5325,,,,
12/28/2022,02:29:00 PM,42965.5,42965.5,42947.6,42955.7,42946.85249999999,42916.83625,,,,
12/28/2022,02:30:00 PM,42954.6,42964.0,42950.0,42955.7,42947.0425,42918.05,,,,
12/28/2022,02:31:00 PM,42951.9,42962.4,42951.9,42958.6,42946.9625,42919.26875,,,,
12/28/2022,02:32:00 PM,42959.9,42959.9,42937.9,42940.7,42946.16499999999,42920.0575,,,,
12/28/2022,02:33:00 PM,42940.1,42952.9,42939.2,42950.6,42945.915,42921.01125,,,,
12/28/2022,02:34:00 PM,42950.3,42960.1,42945.7,42956.5,42945.77,42922.18375,,,,
12/28/2022,02:35:00 PM,42952.4,42956.6,42938.9,42944.8,42945.1975,42923.12125,,,,
12/28/2022,02:36:00 PM,42945.4,42946.7,42939.4,42945.1,42944.715,42924.10875,,,,
12/28/2022,02:37:00 PM,42945.6,42954.0,42942.3,42951.4,42944.5975,42925.3275,,,,
12/28/2022,02:38:00 PM,42948.5,42957.6,42948.0,42957.6,42944.785,42926.61625,,,,
12/28/2022,02:39:00 PM,42957.4,42961.4,42953.1,42959.9,42945.455,42927.86125,,,,
12/28/2022,02:40:00 PM,42958.1,42960.4,42945.4,42951.9,42945.7575,42928.89750000001,,,,
12/28/2022,02:41:00 PM,42952.3,42958.4,42948.3,42956.4,42946.11,42929.98875,,,,
12/28/2022,02:42:00 PM,42956.2,42963.6,42948.3,42963.6,42946.91,42930.99125000001,,,,
12/28/2022,02:43:00 PM,42969.1,42978.4,42962.6,42965.6,42947.59,42932.0325,,,,
12/28/2022,02:44:00 PM,42966.8,42970.8,42955.1,42960.1,42947.9075,42933.01,,,,
12/28/2022,02:45:00 PM,42957.0,42968.9,42957.0,42962.0,42948.105,42934.04,,,,
12/28/2022,02:46:00 PM,42962.6,42967.9,42959.2,42967.6,42948.185000000005,42935.61125,,,,
12/28/2022,02:47:00 PM,42965.6,42972.3,42956.8,42972.3,42948.505000000005,42937.14375,,,,
12/28/2022,02:48:00 PM,42967.8,42976.9,42966.1,42972.0,42948.645,42938.47,,,,
12/28/2022,02:49:00 PM,42971.4,42977.4,42967.4,42974.3,42948.75749999999,42939.91875,,,,
12/28/2022,02:50:00 PM,42975.8,42975.8,42968.1,42969.2,42948.935000000005,42941.18375,,,,
12/28/2022,02:51:00 PM,42968.1,42970.3,42946.9,42954.9,42948.9675,42942.29375,,,,
12/28/2022,02:52:00 PM,42953.5,42970.5,42949.8,42953.8,42949.2975,42943.2425,,,,
12/28/2022,02:53:00 PM,42951.1,42951.1,42916.1,42924.3,42948.9325,42943.75375,,,,
12/28/2022,02:54:00 PM,42925.0,42925.0,42850.8,42852.8,42946.4825,42943.44375,,,,
12/28/2022,02:55:00 PM,42849.4,42874.8,42836.8,42856.1,42944.2525,42942.79625,,,,
12/28/2022,02:56:00 PM,42853.4,42864.8,42851.7,42856.6,42942.0125,42942.17375,,,42856.6,42804.7
12/28/2022,02:57:00 PM,42853.5,42853.5,42819.1,42837.3,42939.030000000006,42941.41625,,,,
12/28/2022,02:58:00 PM,42828.3,42851.8,42828.1,42851.8,42937.10249999999,42940.75625,,,,
12/28/2022,02:59:00 PM,42852.1,42895.6,42852.1,42870.8,42935.9825,42940.348750000005,,,,
12/28/2022,03:00:00 PM,42860.7,42911.3,42860.7,42908.5,42936.0,42940.30625,,,,
12/28/2022,03:01:00 PM,42908.2,42908.2,42898.6,42907.6,42935.84,42940.15375,,,,
12/28/2022,03:02:00 PM,42906.1,42919.4,42903.1,42907.9,42935.505,42939.98625,,,,
12/28/2022,03:03:00 PM,42907.4,42918.8,42900.9,42900.9,42935.3575,42939.95,,,,
12/28/2022,03:04:00 PM,42902.4,42906.4,42894.8,42895.4,42934.765,42939.80375,,,,
12/28/2022,03:05:00 PM,42895.2,42900.7,42887.9,42896.1,42933.6275,42939.6375,,,,
12/28/2022,03:06:00 PM,42895.3,42905.3,42894.1,42902.5,42932.2575,42939.24125000001,,,,
12/28/2022,03:07:00 PM,42902.4,42920.6,42901.9,42920.6,42931.3475,42939.06625,,,,
12/28/2022,03:08:00 PM,42921.4,42933.9,42920.1,42933.5,42930.575,42938.80625,,,,
12/28/2022,03:09:00 PM,42932.1,42943.4,42924.6,42939.1,42930.16,42938.50625,,,,
12/28/2022,03:10:00 PM,42935.3,42936.6,42912.8,42913.1,42929.095,42938.06875,,,,
12/28/2022,03:11:00 PM,42911.8,42912.1,42874.6,42876.2,42927.035,42936.99875,,,,
12/28/2022,03:12:00 PM,42873.0,42875.8,42825.3,42840.6,42924.5325,42935.348750000005,,,,
12/28/2022,03:13:00 PM,42841.2,42848.6,42823.9,42826.2,42921.4225,42933.66875,,,,
12/28/2022,03:14:00 PM,42824.8,42828.0,42816.6,42822.4,42918.07,42931.92,,,,
12/28/2022,03:15:00 PM,42823.9,42835.5,42811.9,42835.3,42915.3325,42930.265,,,,
12/28/2022,03:16:00 PM,42824.3,42830.4,42804.4,42806.1,42911.8575,42928.286250000005,,,,
12/28/2022,03:17:00 PM,42807.5,42823.4,42802.6,42802.6,42908.1375,42926.3675,,,,
12/28/2022,03:18:00 PM,42801.8,42816.4,42793.8,42799.7,42904.19,42924.4875,,,,
12/28/2022,03:19:00 PM,42797.6,42807.8,42793.3,42803.2,42900.2725,42922.86375,,,,
12/28/2022,03:20:00 PM,42799.8,42810.1,42778.9,42791.0,42896.25,42921.00375,,,,
12/28/2022,03:21:00 PM,42787.3,42798.9,42787.3,42788.9,42892.0625,42919.08625,,,,
12/28/2022,03:22:00 PM,42788.4,42795.7,42779.0,42782.1,42887.525,42917.217500000006,,,,
12/28/2022,03:23:00 PM,42782.9,42782.9,42759.9,42762.1,42882.4375,42915.01375,,,,
12/28/2022,03:24:00 PM,42760.7,42763.6,42748.8,42762.3,42877.49250000001,42912.7,,,,
12/28/2022,03:25:00 PM,42762.1,42784.2,42760.7,42784.2,42873.0475,42910.57625,,,,
12/28/2022,03:26:00 PM,42783.4,42803.6,42783.4,42802.8,42868.927500000005,42908.55625,,,,
12/28/2022,03:27:00 PM,42802.3,42804.2,42794.6,42800.4,42864.63,42906.5675,,,,
12/28/2022,03:28:00 PM,42797.4,42799.8,42783.9,42789.1,42860.0575,42904.35125,,,,
12/28/2022,03:29:00 PM,42786.1,42789.9,42767.3,42781.5,42855.2375,42901.997500000005,,,,
12/29/2022,09:15:00 AM,42678.1,42711.7,42613.6,42623.9,42846.605,42897.77,,,,
12/29/2022,09:16:00 AM,42633.8,42641.4,42600.4,42606.6,42837.8975,42893.4325,,,,
12/29/2022,09:17:00 AM,42605.4,42661.4,42602.6,42635.3,42829.935,42889.61625,,,,
12/29/2022,09:18:00 AM,42634.0,42641.7,42615.9,42631.2,42822.6075,42885.77,,,,
12/29/2022,09:19:00 AM,42636.4,42636.4,42581.9,42582.2,42815.8425,42881.1625,,,,
12/29/2022,09:20:00 AM,42585.9,42589.7,42527.3,42530.1,42807.6925,42875.9725,,,,
12/29/2022,09:21:00 AM,42526.1,42583.3,42524.8,42583.3,42800.86,42871.436250000006,,,,
12/29/2022,09:22:00 AM,42587.4,42602.6,42551.6,42551.6,42793.7175,42866.37375,,,,
12/29/2022,09:23:00 AM,42554.1,42575.3,42550.6,42559.6,42786.4125,42861.7575,,,,
12/29/2022,09:24:00 AM,42558.1,42598.9,42557.6,42588.1,42779.345,42857.66375,,,,
12/29/2022,09:25:00 AM,42590.6,42597.7,42571.5,42571.5,42770.92,42853.46,,,,
12/29/2022,09:26:00 AM,42572.3,42577.4,42558.4,42563.4,42762.315,42849.0775,,,,
12/29/2022,09:27:00 AM,42561.3,42575.6,42560.9,42574.9,42753.990000000005,42844.7475,,,,
12/29/2022,09:28:00 AM,42571.9,42618.4,42569.8,42618.4,42746.9275,42841.1425,,,,
12/29/2022,09:29:00 AM,42615.4,42634.0,42615.2,42634.0,42740.3925,42837.57875,,,,
12/29/2022,09:30:00 AM,42640.4,42643.9,42613.6,42614.8,42733.36,42833.49375,,,,
12/29/2022,09:31:00 AM,42614.3,42623.4,42599.4,42602.6,42725.8625,42829.060000000005,,,,
12/29/2022,09:32:00 AM,42604.4,42624.6,42596.6,42605.1,42717.975,42824.661250000005,,,,
12/29/2022,09:33:00 AM,42603.3,42609.4,42599.7,42604.9,42709.76,42820.1675,,,,
12/29/2022,09:34:00 AM,42603.5,42603.9,42561.9,42564.8,42700.4025,42815.28125,,,,
12/29/2022,09:35:00 AM,42564.3,42566.6,42538.9,42539.1,42691.052500000005,42810.07375,,,,
12/29/2022,09:36:00 AM,42538.9,42566.6,42528.4,42556.3,42683.055,42805.045,,,,
12/29/2022,09:37:00 AM,42554.3,42581.6,42553.0,42578.1,42676.4925,42800.5125,,,,
12/29/2022,09:38:00 AM,42579.1,42593.6,42570.8,42581.0,42670.3625,42795.8925,,,,
12/29/2022,09:39:00 AM,42579.7,42588.6,42562.7,42562.7,42663.87,42790.97,,,,
12/29/2022,09:40:00 AM,42560.0,42563.1,42540.4,42540.7,42656.505,42785.91875,,,,
12/29/2022,09:41:00 AM,42541.4,42557.6,42539.4,42555.7,42650.245,42781.05125,,,,
12/29/2022,09:42:00 AM,42551.9,42556.8,42520.4,42526.2,42643.335,42775.73625,,,,
12/29/2022,09:43:00 AM,42527.6,42540.6,42519.8,42533.1,42636.67,42770.43,,,,
12/29/2022,09:44:00 AM,42534.3,42534.3,42509.1,42513.4,42629.425,42764.848750000005,,,,
12/29/2022,09:45:00 AM,42512.8,42517.9,42493.2,42494.6,42622.015,42759.13249999999,,,,
12/29/2022,09:46:00 AM,42489.8,42529.9,42489.8,42526.2,42615.4475,42753.755,,,,
12/29/2022,09:47:00 AM,42522.1,42542.3,42522.1,42524.6,42609.01,42748.2675,,,,
12/29/2022,09:48:00 AM,42526.9,42530.1,42517.8,42524.9,42603.08,42742.75875,,,,
12/29/2022,09:49:00 AM,42528.4,42531.9,42518.1,42524.1,42597.12499999999,42737.30875,,,,
12/29/2022,09:50:00 AM,42524.6,42545.0,42524.6,42542.6,42591.085,42732.06625,,,,
12/29/2022,09:51:00 AM,42544.8,42562.2,42540.2,42549.9,42584.7625,42726.845,,,,
12/29/2022,09:52:00 AM,42549.6,42558.8,42545.1,42556.5,42578.66499999999,42721.64750000001,,,,
12/29/2022,09:53:00 AM,42557.3,42564.0,42550.9,42561.2,42572.967500000006,42716.5125,,,,
12/29/2022,09:54:00 AM,42560.4,42560.4,42547.1,42553.1,42567.2575,42711.2475,,,,
12/29/2022,09:55:00 AM,42552.5,42560.9,42524.6,42524.6,42564.775,42705.69,,,,
12/29/2022,09:56:00 AM,42527.0,42543.7,42524.4,42542.1,42563.16249999999,42700.53,,,,
12/29/2022,09:57:00 AM,42541.4,42562.7,42537.9,42562.3,42561.3375,42695.63625,,,,
12/29/2022,09:58:00 AM,42561.8,42588.9,42561.8,42584.3,42560.16499999999,42691.38625,,,,
12/29/2022,09:59:00 AM,42583.6,42588.8,42567.6,42568.5,42559.8225,42687.8325,,,,
12/29/2022,10:00:00 AM,42568.6,42574.1,42562.4,42570.6,42560.83500000001,42684.26375,,,,
12/29/2022,10:01:00 AM,42570.7,42580.5,42550.6,42561.1,42560.28,42680.57,,,,
12/29/2022,10:02:00 AM,42558.6,42566.3,42547.1,42551.1,42560.2675,42676.9925,,,,
12/29/2022,10:03:00 AM,42549.6,42550.4,42535.8,42548.1,42559.98,42673.19625,,,,
12/29/2022,10:04:00 AM,42547.0,42563.4,42547.0,42559.1,42559.255,42669.3,,,,
12/29/2022,10:05:00 AM,42559.2,42564.9,42540.6,42540.6,42558.4825,42664.70125,,,,
12/29/2022,10:06:00 AM,42541.6,42543.6,42528.4,42529.8,42557.6425,42659.97875,,,,
12/29/2022,10:07:00 AM,42529.9,42539.5,42523.0,42528.9,42556.4925,42655.24125,,,,
12/29/2022,10:08:00 AM,42525.4,42531.4,42516.9,42519.2,42554.0125,42650.47,,,,
12/29/2022,10:09:00 AM,42521.1,42522.8,42501.9,42507.4,42550.8475,42645.62,,,,
12/29/2022,10:10:00 AM,42505.4,42511.3,42499.0,42503.1,42548.055,42640.7075,,,,
12/29/2022,10:11:00 AM,42500.3,42532.4,42500.3,42527.8,42546.185000000005,42636.02375,,,,
12/29/2022,10:12:00 AM,42530.4,42531.9,42518.4,42522.6,42544.1225,42631.04875,,,,
12/29/2022,10:13:00 AM,42522.3,42530.6,42521.5,42529.4,42542.235,42625.9975,,,,
12/29/2022,10:14:00 AM,42527.7,42535.2,42526.0,42532.6,42541.43,42620.91625,,,,
12/29/2022,10:15:00 AM,42531.3,42547.9,42524.6,42543.6,42541.5425,42616.2975,,,,
12/29/2022,10:16:00 AM,42545.7,42551.3,42540.7,42546.2,42541.28999999999,42612.1725,,,,
12/29/2022,10:17:00 AM,42546.1,42559.5,42544.4,42555.4,42540.7225,42608.6075,,,,
12/29/2022,10:18:00 AM,42550.6,42556.9,42536.1,42539.0,42539.6725,42605.0175,,,,
12/29/2022,10:19:00 AM,42536.3,42538.9,42527.4,42532.3,42538.9125,42601.39125,,,,
12/29/2022,10:20:00 AM,42529.9,42538.0,42508.1,42514.9,42538.2675,42597.38625,,,,
12/29/2022,10:21:00 AM,42513.6,42554.9,42512.1,42554.9,42538.2475,42594.24625,,,,
12/29/2022,10:22:00 AM,42552.6,42552.6,42539.1,42542.9,42538.665,42591.0,,,,
12/29/2022,10:23:00 AM,42542.3,42556.6,42538.0,42554.8,42539.2075,42587.93875,,,,
12/29/2022,10:24:00 AM,42558.5,42561.7,42552.6,42556.6,42540.2875,42584.85625,,,,
12/29/2022,10:25:00 AM,42552.8,42565.8,42552.3,42563.9,42542.02,42582.0175,,,,
12/29/2022,10:26:00 AM,42563.3,42568.9,42555.5,42563.8,42542.96,42579.20375,,,,
12/29/2022,10:27:00 AM,42565.6,42570.2,42551.6,42553.9,42543.692500000005,42576.35124999999,,,,
12/29/2022,10:28:00 AM,42552.5,42554.1,42537.6,42543.3,42544.1525,42573.61625000001,,,,
12/29/2022,10:29:00 AM,42542.1,42551.6,42536.5,42548.8,42544.77,42570.9475,,,,
12/29/2022,10:30:00 AM,42549.3,42561.4,42545.0,42558.9,42545.177500000005,42568.13125,,,,
12/29/2022,10:31:00 AM,42558.8,42561.3,42547.3,42550.6,42545.195,42564.97875,,,,
12/29/2022,10:32:00 AM,42549.8,42554.3,42541.6,42541.6,42544.8225,42561.74375,,,,
12/29/2022,10:33:00 AM,42547.1,42551.1,42542.6,42548.9,42544.515,42558.74125,,,,
12/29/2022,10:34:00 AM,42548.8,42555.1,42545.2,42555.1,42544.565,42555.91125,,,,
12/29/2022,10:35:00 AM,42553.5,42588.4,42551.5,42571.8,42545.745,42555.26,,,,
12/29/2022,10:36:00 AM,42571.3,42573.1,42562.9,42566.9,42546.365000000005,42554.76375,,,,
12/29/2022,10:37:00 AM,42568.7,42584.6,42566.3,42580.4,42546.817500000005,42554.0775,,,,
12/29/2022,10:38:00 AM,42579.6,42602.1,42573.4,42591.6,42547.0,42553.5825,,,,
12/29/2022,10:39:00 AM,42589.8,42613.1,42589.8,42613.1,42548.115000000005,42553.96875,,,,
12/29/2022,10:40:00 AM,42609.6,42615.4,42591.9,42592.9,42548.6725,42554.75375,,,,
12/29/2022,10:41:00 AM,42598.1,42611.2,42596.4,42609.9,42549.8925,42555.08625,,,,
12/29/2022,10:42:00 AM,42610.4,42612.9,42585.6,42585.6,42550.755,42555.51125,,,,
12/29/2022,10:43:00 AM,42588.4,42604.6,42585.1,42600.9,42552.075,42556.0275,,,,
12/29/2022,10:44:00 AM,42601.9,42604.1,42594.4,42598.3,42553.055,42556.155,,,,
12/29/2022,10:45:00 AM,42598.7,42608.8,42591.4,42604.3,42554.6475,42556.565,,,,
12/29/2022,10:46:00 AM,42604.1,42604.3,42574.8,42585.9,42556.05,42556.84625,,,,
12/29/2022,10:47:00 AM,42589.7,42606.3,42588.1,42597.3,42557.76,42557.12625,42597.3,42603.4,,
12/29/2022,10:48:00 AM,42599.3,42637.6,42597.8,42634.8,42560.65,42557.33125,,,,
12/29/2022,10:49:00 AM,42632.9,42632.9,42612.4,42616.3,42563.372500000005,42557.11,,,,
12/29/2022,10:50:00 AM,42615.1,42615.1,42604.6,42606.6,42565.96000000001,42557.0075,,,,
12/29/2022,10:51:00 AM,42607.9,42610.1,42596.3,42603.4,42567.85,42557.0175,,,,
12/29/2022,10:52:00 AM,42601.9,42612.1,42586.6,42590.1,42569.537500000006,42556.83,,,,
12/29/2022,10:53:00 AM,42589.2,42593.4,42578.8,42589.4,42571.0375,42556.63625,,,,
12/29/2022,10:54:00 AM,42589.3,42592.8,42567.4,42570.9,42571.995,42556.7125,,,,
12/29/2022,10:55:00 AM,42570.6,42582.3,42569.8,42578.6,42572.87,42557.20625,,,,
12/29/2022,10:56:00 AM,42578.1,42583.2,42567.2,42567.2,42573.395,42557.342500000006,,,,
12/29/2022,10:57:00 AM,42567.6,42568.8,42553.4,42562.3,42573.5675,42557.145,,,,
12/29/2022,10:58:00 AM,42560.9,42566.1,42551.3,42554.8,42573.9625,42556.8175,,,,
12/29/2022,10:59:00 AM,42553.8,42560.5,42549.6,42560.4,42574.665,42556.78875,,,,
12/29/2022,11:00:00 AM,42559.1,42566.1,42550.3,42553.1,42575.62,42556.94375,,,,
12/29/2022,11:01:00 AM,42553.6,42555.1,42525.7,42531.4,42575.0325,42556.64,,,,
12/29/2022,11:02:00 AM,42532.3,42541.3,42531.3,42535.1,42574.8375,42556.75125,,,,
12/29/2022,11:03:00 AM,42533.6,42551.6,42533.6,42546.3,42574.62500000001,42556.91625,,,,
12/29/2022,11:04:00 AM,42546.4,42565.4,42545.1,42558.3,42574.6675,42557.47749999999,,,,
12/29/2022,11:05:00 AM,42555.9,42556.1,42541.8,42548.9,42574.2925,42558.15625,,,,
12/29/2022,11:06:00 AM,42550.7,42561.4,42549.3,42558.2,42574.1525,42558.55625,,,,
12/29/2022,11:07:00 AM,42559.6,42565.9,42552.2,42552.2,42574.11,42558.90125,,,,
12/29/2022,11:08:00 AM,42551.9,42554.1,42543.8,42544.1,42574.130000000005,42559.14125,,,,
12/29/2022,11:09:00 AM,42545.1,42545.1,42528.4,42532.6,42573.725,42559.2475,,,,
12/29/2022,11:10:00 AM,42530.8,42539.3,42528.1,42535.3,42573.135,42559.15625,,,,
12/29/2022,11:11:00 AM,42534.1,42549.3,42532.3,42542.9,42572.942500000005,42559.06875,,,,
12/29/2022,11:12:00 AM,42543.4,42546.9,42538.9,42538.9,42572.875,42558.84875,,,,
12/29/2022,11:13:00 AM,42539.6,42551.1,42539.6,42544.9,42572.775,42558.645,,,,
12/29/2022,11:14:00 AM,42545.6,42571.1,42543.9,42571.1,42573.175,42558.87,,,,
12/29/2022,11:15:00 AM,42571.9,42576.0,42565.6,42565.6,42573.02,42559.3825,,,,
12/29/2022,11:16:00 AM,42566.8,42577.4,42563.9,42574.9,42573.22,42559.7925,,,,
12/29/2022,11:17:00 AM,42574.2,42580.9,42572.6,42579.9,42573.2075,42560.0125,,,,
12/29/2022,11:18:00 AM,42578.3,42581.2,42574.8,42578.6,42572.8825,42559.94125,,,,
12/29/2022,11:19:00 AM,42576.1,42579.5,42570.9,42572.6,42571.87,42559.9925,,,,
12/29/2022,11:20:00 AM,42573.0,42573.0,42562.6,42567.1,42571.225,42559.94875,,,,
12/29/2022,11:21:00 AM,42565.7,42571.0,42561.4,42566.3,42570.135,42560.01375,,,,
12/29/2022,11:22:00 AM,42564.8,42567.8,42560.3,42562.8,42569.565,42560.16,,,,
12/29/2022,11:23:00 AM,42560.3,42566.7,42557.9,42562.9,42568.615000000005,42560.345,,,,
12/29/2022,11:24:00 AM,42567.9,42568.8,42550.9,42553.0,42567.4825,42560.26875,,,,
12/29/2022,11:25:00 AM,42553.7,42567.6,42548.8,42548.8,42566.095,42560.37125,,,,
12/29/2022,11:26:00 AM,42549.9,42565.4,42549.9,42562.0,42565.4975,42560.77375,,,,
12/29/2022,11:27:00 AM,42559.4,42569.1,42555.4,42561.8,42564.61,42561.185,,,,
12/29/2022,11:28:00 AM,42562.3,42575.1,42562.3,42575.1,42563.1175,42561.88374999999,,,,
12/29/2022,11:29:00 AM,42573.8,42579.1,42569.9,42571.4,42561.995,42562.68375,,,42571.4,42500.4
12/29/2022,11:30:00 AM,42572.8,42587.6,42572.8,42586.9,42561.5025,42563.73125,,,,
12/29/2022,11:31:00 AM,42586.4,42592.3,42581.1,42591.9,42561.215,42564.5325,,,,
12/29/2022,11:32:00 AM,42592.3,42595.9,42583.1,42584.1,42561.065,42565.30125,,,,
12/29/2022,11:33:00 AM,42585.8,42591.1,42572.1,42574.9,42560.7025,42565.87,,,,
12/29/2022,11:34:00 AM,42574.3,42574.3,42547.3,42553.3,42560.2625,42566.12875,,,,
12/29/2022,11:35:00 AM,42553.2,42566.0,42548.9,42551.4,42559.5825,42566.22625,,,,
12/29/2022,11:36:00 AM,42553.9,42575.7,42553.9,42574.5,42559.765,42566.58,,,,
12/29/2022,11:37:00 AM,42572.4,42573.6,42560.9,42564.3,42559.815,42566.69125,,,,
12/29/2022,11:38:00 AM,42563.8,42574.2,42562.1,42566.2,42560.1,42567.03125,,,,
12/29/2022,11:39:00 AM,42564.4,42586.2,42557.6,42586.2,42560.745,42567.705,,,,
12/29/2022,11:40:00 AM,42584.6,42599.6,42584.6,42592.9,42561.74,42568.68,,,,
12/29/2022,11:41:00 AM,42594.4,42608.3,42589.0,42600.2,42563.46000000001,42569.24625,,,,
12/29/2022,11:42:00 AM,42602.8,42610.7,42596.4,42600.9,42565.105,42569.97125,,,,
12/29/2022,11:43:00 AM,42596.4,42653.8,42596.4,42642.4,42567.50749999999,42571.06625,,,,
12/29/2022,11:44:00 AM,42645.3,42657.6,42619.9,42633.1,42569.3775,42572.0225,,,,
12/29/2022,11:45:00 AM,42631.4,42641.4,42625.3,42638.4,42571.615,42572.95375,,,,
12/29/2022,11:46:00 AM,42636.2,42648.9,42630.4,42630.4,42573.42,42573.78625,,,,
12/29/2022,11:47:00 AM,42632.3,42653.8,42632.3,42652.3,42575.9225,42575.01625,42652.3,42641.8,,
12/29/2022,11:48:00 AM,42654.5,42657.3,42640.1,42640.1,42578.3225,42576.22625,,,,
12/29/2022,11:49:00 AM,42641.3,42662.1,42637.9,42662.1,42581.560000000005,42577.6425,,,,
12/29/2022,11:50:00 AM,42659.3,42663.9,42656.1,42657.3,42584.61,42578.872500000005,,,,
12/29/2022,11:51:00 AM,42659.8,42682.7,42659.6,42682.7,42588.105,42580.52375,,,,
12/29/2022,11:52:00 AM,42680.8,42685.1,42674.3,42681.8,42591.677500000005,42582.27625,,,,
12/29/2022,11:53:00 AM,42683.1,42687.3,42678.1,42679.6,42595.045,42583.91,,,,
12/29/2022,11:54:00 AM,42677.7,42688.4,42677.0,42687.1,42597.945,42585.56,,,,
12/29/2022,11:55:00 AM,42687.6,42694.1,42664.5,42664.9,42600.4275,42586.723750000005,,,,
12/29/2022,11:56:00 AM,42662.9,42674.6,42656.8,42664.6,42602.67,42587.94499999999,,,,
12/29/2022,11:57:00 AM,42663.4,42676.5,42660.9,42673.3,42605.005000000005,42589.10625,,,,
12/29/2022,11:58:00 AM,42675.1,42679.8,42666.0,42666.0,42607.19,42590.03625,,,,
12/29/2022,11:59:00 AM,42665.9,42670.8,42656.1,42659.6,42609.365,42590.61750000001,,,,
12/29/2022,12:00:00 PM,42659.4,42663.2,42637.2,42641.8,42611.2325,42591.22875,,,,
12/29/2022,12:01:00 PM,42639.4,42657.4,42632.9,42654.0,42613.425,42591.78,,,,
12/29/2022,12:02:00 PM,42652.1,42655.0,42643.5,42647.1,42615.5325,42592.54875,,,,
12/29/2022,12:03:00 PM,42649.2,42656.4,42643.1,42650.1,42617.7125,42593.16375,,,,
12/29/2022,12:04:00 PM,42651.8,42665.3,42651.8,42662.6,42620.4525,42593.9675,,,,
12/29/2022,12:05:00 PM,42663.2,42668.8,42657.9,42663.5,42623.32,42594.7075,,,,
12/29/2022,12:06:00 PM,42662.9,42664.9,42646.5,42649.3,42625.5025,42595.5,,,,
12/29/2022,12:07:00 PM,42649.6,42656.3,42645.4,42649.3,42627.69,42596.15,,,,
12/29/2022,12:08:00 PM,42647.4,42647.6,42632.7,42638.8,42629.2825,42596.2,,,,
12/29/2022,12:09:00 PM,42636.6,42646.2,42636.6,42643.3,42631.08,42596.5375,,,,
12/29/2022,12:10:00 PM,42642.0,42643.2,42630.8,42634.1,42632.26,42596.88125,,,,
12/29/2022,12:11:00 PM,42632.9,42645.4,42627.3,42642.3,42633.52,42597.3675,,,,
12/29/2022,12:12:00 PM,42641.4,42649.1,42638.0,42638.8,42634.8875,42597.97625,,,,
12/29/2022,12:13:00 PM,42641.9,42648.4,42636.1,42648.4,42636.725,42598.71375,,,,
12/29/2022,12:14:00 PM,42647.6,42655.6,42643.1,42647.0,42639.067500000005,42599.665,,,,
12/29/2022,12:15:00 PM,42646.4,42650.5,42639.3,42643.9,42641.38,42600.48125,,,,
12/29/2022,12:16:00 PM,42643.1,42660.4,42643.1,42653.3,42643.35,42601.5575,,,,
12/29/2022,12:17:00 PM,42653.6,42663.1,42653.6,42656.6,42645.6575,42602.73625,,,,
12/29/2022,12:18:00 PM,42656.9,42664.6,42652.8,42656.9,42647.925,42604.0125,,,,
12/29/2022,12:19:00 PM,42653.8,42655.4,42643.1,42647.8,42649.465,42605.105,,,,
12/29/2022,12:20:00 PM,42643.5,42658.8,42643.5,42658.0,42651.092500000006,42606.41625,,,,
12/29/2022,12:21:00 PM,42658.6,42674.4,42657.7,42667.4,42652.7725,42608.11625,,,,
12/29/2022,12:22:00 PM,42668.4,42686.6,42668.4,42684.2,42654.855,42609.98,,,,
12/29/2022,12:23:00 PM,42686.6,42686.6,42665.4,42665.4,42655.43000000001,42611.46875,,,,
12/29/2022,12:24:00 PM,42663.6,42671.4,42651.6,42652.4,42655.9125,42612.645,,,,
12/29/2022,12:25:00 PM,42652.8,42655.6,42619.9,42623.2,42655.5325,42613.57375,,,,
12/29/2022,12:26:00 PM,42622.9,42634.2,42620.0,42634.2,42655.6275,42614.52375,,,,
12/29/2022,12:27:00 PM,42630.3,42649.4,42628.9,42634.5,42655.1825,42615.5525,,,,
12/29/2022,12:28:00 PM,42633.4,42638.2,42621.3,42626.9,42654.8525,42616.5875,,,,
12/29/2022,12:29:00 PM,42622.1,42634.3,42622.1,42633.4,42654.135,42617.8475,,,,
12/29/2022,12:30:00 PM,42634.4,42643.6,42628.4,42637.1,42653.63,42619.12,,,,
12/29/2022,12:31:00 PM,42638.8,42648.9,42632.1,42634.6,42652.427500000005,42620.26625,,,,
12/29/2022,12:32:00 PM,42634.4,42657.1,42634.4,42648.5,42651.595,42621.63625,,,,
12/29/2022,12:33:00 PM,42649.6,42656.0,42644.1,42644.1,42650.7075,42622.87625,,,,
12/29/2022,12:34:00 PM,42640.4,42655.9,42640.4,42644.3,42649.6375,42623.79125,,,,
12/29/2022,12:35:00 PM,42648.4,42664.8,42642.7,42654.8,42649.385,42624.90625,,,,
12/29/2022,12:36:00 PM,42653.8,42668.6,42652.9,42659.4,42649.255,42625.9625,,,,
12/29/2022,12:37:00 PM,42659.9,42670.5,42659.9,42666.6,42649.0875,42627.04625,,,,
12/29/2022,12:38:00 PM,42667.9,42671.4,42657.3,42657.7,42648.88,42628.035,,,,
12/29/2022,12:39:00 PM,42657.9,42667.3,42635.9,42636.3,42648.2975,42628.83125,,,,
12/29/2022,12:40:00 PM,42634.5,42645.1,42629.9,42641.6,42648.2925,42629.7625,,,,
12/29/2022,12:41:00 PM,42642.4,42658.6,42640.4,42645.6,42648.0825,42630.75375,,,,
12/29/2022,12:42:00 PM,42647.1,42650.1,42624.1,42628.4,42647.615,42631.57375,,,,
12/29/2022,12:43:00 PM,42628.5,42641.4,42616.6,42637.4,42647.2975,42632.505,,,,
12/29/2022,12:44:00 PM,42635.0,42655.2,42635.0,42640.9,42646.755,42633.60375,,,,
12/29/2022,12:45:00 PM,42639.0,42650.9,42639.0,42649.1,42646.395,42634.8575,,,,
12/29/2022,12:46:00 PM,42647.1,42651.7,42639.4,42643.4,42646.2475,42635.875,,,,
12/29/2022,12:47:00 PM,42642.4,42650.7,42634.3,42635.7,42645.9075,42636.79875,,,,
12/29/2022,12:48:00 PM,42634.8,42642.5,42623.3,42625.4,42645.5725,42637.427500000005,,,,
12/29/2022,12:49:00 PM,42624.8,42643.4,42622.2,42633.8,42645.33500000001,42638.2075,,,,
12/29/2022,12:50:00 PM,42632.9,42641.0,42632.5,42636.1,42645.385,42638.8225,,,,
12/29/2022,12:51:00 PM,42634.8,42639.1,42622.8,42630.6,42645.0925,42639.30625,,,,
12/29/2022,12:52:00 PM,42632.4,42644.4,42625.0,42625.0,42644.747500000005,42639.8175,,,,
12/29/2022,12:53:00 PM,42627.4,42635.9,42622.4,42625.1,42644.16499999999,42640.445,,,,
12/29/2022,12:54:00 PM,42623.4,42645.6,42623.1,42642.5,42644.0525,42641.560000000005,,,,
12/29/2022,12:55:00 PM,42642.6,42649.5,42640.4,42640.4,42643.965,42642.6725,,,,
12/29/2022,12:56:00 PM,42640.9,42642.6,42627.6,42633.8,42643.4775,42643.41375,,,,
12/29/2022,12:57:00 PM,42636.7,42648.1,42634.1,42641.6,42643.10249999999,42644.38,,,42641.6,42610.7
12/29/2022,12:58:00 PM,42642.4,42656.7,42642.4,42648.4,42642.89,42645.4075,,,,
12/29/2022,12:59:00 PM,42647.8,42666.0,42645.6,42645.8,42642.84,42646.1525,,,,
12/29/2022,01:00:00 PM,42646.0,42675.9,42641.8,42672.5,42643.2025,42647.14750000001,,,,
12/29/2022,01:01:00 PM,42673.6,42683.9,42671.6,42676.3,42643.425,42648.09875,,,,
12/29/2022,01:02:00 PM,42674.9,42687.1,42674.2,42681.6,42643.36,42649.1075,,,,
12/29/2022,01:03:00 PM,42683.1,42729.9,42681.6,42717.4,42644.66,42650.045,,,,
12/29/2022,01:04:00 PM,42714.7,42741.4,42711.9,42727.4,42646.535,42651.22375,,,,
12/29/2022,01:05:00 PM,42731.3,42747.4,42729.5,42732.6,42649.27,42652.40125,,,,
12/29/2022,01:06:00 PM,42731.7,42758.6,42731.7,42747.6,42652.105,42653.86625000001,,,,
12/29/2022,01:07:00 PM,42750.7,42763.5,42747.5,42750.8,42655.0125,42655.0975,,,,
12/29/2022,01:08:00 PM,42751.7,42755.1,42719.5,42719.5,42657.3275,42656.09,42719.5,42730.4,,
12/29/2022,01:09:00 PM,42722.9,42736.7,42718.4,42732.3,42659.8,42656.967500000006,,,,
12/29/2022,01:10:00 PM,42734.0,42748.6,42732.1,42747.4,42662.5575,42658.09375,,,,
12/29/2022,01:11:00 PM,42745.6,42753.9,42735.8,42735.8,42665.0875,42658.7575,,,,
12/29/2022,01:12:00 PM,42738.8,42758.8,42738.8,42752.1,42667.6775,42659.63625,,,,
12/29/2022,01:13:00 PM,42750.3,42757.2,42747.8,42750.6,42670.34,42660.52375,,,,
12/29/2022,01:14:00 PM,42748.4,42776.9,42747.5,42773.7,42673.575,42661.60625,,,,
12/29/2022,01:15:00 PM,42774.8,42774.8,42758.8,42769.4,42676.44,42662.9125,,,,
12/29/2022,01:16:00 PM,42767.4,42770.9,42752.4,42755.8,42678.85,42664.052500000005,,,,
12/29/2022,01:17:00 PM,42752.1,42758.9,42749.3,42755.0,42681.06,42665.07375,,,,
12/29/2022,01:18:00 PM,42753.3,42760.9,42747.4,42747.4,42683.302500000005,42666.09125,,,,
12/29/2022,01:19:00 PM,42749.9,42756.9,42744.0,42744.0,42685.995,42667.14625,,,,
12/29/2022,01:20:00 PM,42744.2,42755.9,42729.4,42730.4,42688.215,42668.25375,,,,
12/29/2022,01:21:00 PM,42731.1,42750.5,42730.6,42745.1,42690.7025,42669.3925,,,,
12/29/2022,01:22:00 PM,42747.8,42757.9,42740.3,42740.3,42693.5,42670.5575,,,,
12/29/2022,01:23:00 PM,42740.4,42742.6,42723.3,42732.0,42695.865,42671.58125,,,,
12/29/2022,01:24:00 PM,42732.8,42739.6,42729.8,42736.9,42698.265,42672.51,,,,
12/29/2022,01:25:00 PM,42736.8,42745.4,42733.2,42740.6,42700.5525,42673.473750000005,,,,
12/29/2022,01:26:00 PM,42741.4,42742.6,42728.4,42728.4,42702.677500000005,42674.4625,,,,
12/29/2022,01:27:00 PM,42729.6,42733.9,42716.9,42719.5,42704.77250000001,42675.34,,,,
12/29/2022,01:28:00 PM,42717.6,42724.9,42712.9,42722.1,42707.19,42676.38125,,,,
12/29/2022,01:29:00 PM,42722.1,42731.9,42720.1,42728.4,42709.555,42677.445,,,,
12/29/2022,01:30:00 PM,42730.9,42750.4,42730.8,42731.3,42711.935000000005,42678.66,,,,
12/29/2022,01:31:00 PM,42727.0,42738.6,42710.7,42716.9,42714.0925,42679.592500000006,,,,
12/29/2022,01:32:00 PM,42721.0,42734.0,42716.3,42732.4,42716.7775,42680.7625,,,,
12/29/2022,01:33:00 PM,42733.2,42739.8,42727.4,42736.6,42719.565,42681.865000000005,,,,
12/29/2022,01:34:00 PM,42737.8,42747.6,42736.4,42741.9,42722.05,42683.05125,,,,
12/29/2022,01:35:00 PM,42740.4,42747.9,42731.9,42742.4,42724.6,42684.2825,,,,
12/29/2022,01:36:00 PM,42745.1,42760.7,42744.0,42755.3,42727.6375,42685.5575,,,,
12/29/2022,01:37:00 PM,42752.6,42758.5,42750.9,42756.6,42730.5125,42686.8075,,,,
12/29/2022,01:38:00 PM,42755.4,42762.7,42752.7,42762.4,42733.3625,42688.12625,,,,
12/29/2022,01:39:00 PM,42763.0,42769.0,42761.3,42769.0,42736.442500000005,42689.64125,,,,
12/29/2022,01:40:00 PM,42768.9,42775.2,42763.3,42775.2,42739.01,42691.10625,,,,
12/29/2022,01:41:00 PM,42776.0,42790.4,42773.1,42786.1,42741.755000000005,42692.59,,,,
12/29/2022,01:42:00 PM,42785.4,42796.4,42782.3,42784.4,42744.325,42693.8425,,,,
12/29/2022,01:43:00 PM,42785.4,42792.6,42784.8,42790.6,42746.155000000006,42695.4075,,,,
12/29/2022,01:44:00 PM,42790.8,42827.4,42790.4,42827.3,42748.6525,42697.59375,,,,
12/29/2022,01:45:00 PM,42829.9,42845.5,42825.9,42837.2,42751.2675,42700.26875,,,,
12/29/2022,01:46:00 PM,42838.3,42873.3,42838.3,42862.4,42754.1375,42703.12125,,,,
12/29/2022,01:47:00 PM,42864.9,42892.3,42862.1,42866.5,42757.03,42706.021250000005,,,,
12/29/2022,01:48:00 PM,42867.6,42873.6,42849.1,42853.4,42760.3775,42708.8525,,,,
12/29/2022,01:49:00 PM,42858.9,42866.3,42848.2,42848.2,42763.275,42711.5375,,,,
12/29/2022,01:50:00 PM,42842.1,42875.3,42842.1,42870.9,42766.3625,42714.46000000001,,,,
12/29/2022,01:51:00 PM,42873.1,42882.3,42869.0,42874.5,42769.83,42717.458750000005,,,,
12/29/2022,01:52:00 PM,42876.1,42876.1,42845.7,42848.8,42772.247500000005,42719.9625,,,,
12/29/2022,01:53:00 PM,42847.4,42852.9,42831.4,42838.6,42774.4475,42722.39375,,,,
12/29/2022,01:54:00 PM,42834.2,42840.2,42810.9,42810.9,42775.3775,42724.47625,,,,
12/29/2022,01:55:00 PM,42818.1,42848.0,42818.1,42840.3,42777.15000000001,42726.795,,,,
12/29/2022,01:56:00 PM,42844.6,42856.3,42844.6,42855.1,42779.6325,42729.24125000001,,,,
12/29/2022,01:57:00 PM,42855.4,42867.5,42854.2,42866.5,42782.42,42731.740000000005,,,,
12/29/2022,01:58:00 PM,42863.4,42867.5,42855.1,42855.1,42785.1125,42734.2075,,,,
12/29/2022,01:59:00 PM,42857.9,42873.6,42857.9,42863.7,42788.105,42737.05,,,,
12/29/2022,02:00:00 PM,42867.3,42885.0,42867.3,42884.4,42791.955,42740.085,,,,
12/29/2022,02:01:00 PM,42884.9,42885.4,42845.9,42853.6,42794.6675,42742.685000000005,,,,
12/29/2022,02:02:00 PM,42850.1,42868.4,42850.1,42857.6,42797.6,42745.55,,,,
12/29/2022,02:03:00 PM,42856.7,42871.8,42848.4,42869.1,42801.0275,42748.44625,,,,
12/29/2022,02:04:00 PM,42868.4,42895.9,42868.4,42890.2,42804.86,42751.5625,,,,
12/29/2022,02:05:00 PM,42892.7,42913.4,42889.9,42911.9,42809.1425,42754.8475,,,,
12/29/2022,02:06:00 PM,42915.4,42921.7,42905.4,42909.4,42813.6675,42758.1725,,,,
12/29/2022,02:07:00 PM,42907.3,42916.1,42901.9,42901.9,42818.2275,42761.5,,,,
12/29/2022,02:08:00 PM,42903.6,42913.4,42900.9,42905.8,42822.82,42765.005,,,,
12/29/2022,02:09:00 PM,42906.0,42909.9,42895.4,42906.9,42827.2825,42768.41875,,,,
12/29/2022,02:10:00 PM,42907.6,42908.6,42890.1,42891.1,42831.2775,42771.60625,,,,
12/29/2022,02:11:00 PM,42891.9,42892.9,42869.6,42872.1,42835.1575,42774.625,,,,
12/29/2022,02:12:00 PM,42873.5,42885.1,42868.8,42876.4,42838.75749999999,42777.7675,,,,
12/29/2022,02:13:00 PM,42875.4,42883.0,42869.3,42882.1,42842.395,42780.98,,,,
12/29/2022,02:14:00 PM,42878.9,42895.6,42878.9,42889.8,42846.0925,42784.07124999999,,,,
12/29/2022,02:15:00 PM,42892.1,42906.6,42888.1,42896.4,42849.9425,42787.271250000005,,,,
12/29/2022,02:16:00 PM,42893.8,42896.9,42882.4,42885.1,42853.1875,42790.4125,,,,
12/29/2022,02:17:00 PM,42884.9,42887.8,42877.8,42878.3,42856.23,42793.37125,,,,
12/29/2022,02:18:00 PM,42877.9,42878.3,42861.4,42865.3,42858.8025,42796.0825,,,,
12/29/2022,02:19:00 PM,42862.6,42873.4,42855.4,42864.3,42861.185,42798.81375,,,,
12/29/2022,02:20:00 PM,42873.1,42874.0,42857.9,42864.7,42863.4225,42801.21625,,,,
12/29/2022,02:21:00 PM,42862.9,42898.3,42862.9,42891.8,42866.065,42803.91,,,,
12/29/2022,02:22:00 PM,42893.8,42895.2,42886.3,42891.3,42868.7375,42806.53125,,,,
12/29/2022,02:23:00 PM,42890.8,42891.5,42880.9,42887.9,42871.17,42808.6625,,,,
12/29/2022,02:24:00 PM,42886.4,42893.3,42855.6,42855.6,42871.8775,42810.265,,,,
12/29/2022,02:25:00 PM,42854.4,42869.9,42854.4,42860.7,42872.465,42811.86625000001,,,,
12/29/2022,02:26:00 PM,42857.1,42880.6,42857.1,42879.4,42872.89,42813.51375,,,,
12/29/2022,02:27:00 PM,42878.0,42883.0,42872.4,42878.3,42873.185,42815.1075,,,,
12/29/2022,02:28:00 PM,42876.1,42894.6,42876.1,42888.1,42874.052500000005,42817.215,,,,
12/29/2022,02:29:00 PM,42886.1,42889.9,42846.4,42846.4,42874.00749999999,42818.64125,,,,
12/29/2022,02:30:00 PM,42845.9,42866.2,42844.9,42858.5,42873.6975,42820.03,,,,
12/29/2022,02:31:00 PM,42854.1,42870.4,42854.1,42866.2,42873.490000000005,42821.66,,,,
12/29/2022,02:32:00 PM,42866.9,42867.9,42840.9,42845.1,42873.3975,42822.8225,,,,
12/29/2022,02:33:00 PM,42849.9,42864.4,42844.6,42864.4,42874.0425,42824.245,,,,
12/29/2022,02:34:00 PM,42866.4,42883.0,42857.2,42881.6,42875.81,42825.59375,,,,
12/29/2022,02:35:00 PM,42876.2,42901.4,42867.9,42901.4,42877.3375,42827.24375,,,,
12/29/2022,02:36:00 PM,42899.8,42906.4,42863.4,42869.4,42877.695,42828.66375,,,,
12/29/2022,02:37:00 PM,42869.5,42891.9,42869.5,42882.6,42878.0975,42830.25875,,,,
12/29/2022,02:38:00 PM,42883.4,42904.2,42880.4,42902.9,42879.2925,42832.2025,,,,
12/29/2022,02:39:00 PM,42901.1,42920.1,42900.1,42915.3,42880.5825,42834.34375,,,,
12/29/2022,02:40:00 PM,42916.9,42947.4,42915.4,42939.8,42881.967500000006,42836.96125,,,,
12/29/2022,02:41:00 PM,42940.3,42941.8,42924.9,42935.9,42884.025,42839.34625,,,,
12/29/2022,02:42:00 PM,42936.1,42949.3,42936.1,42947.6,42886.275,42841.9375,,,,
12/29/2022,02:43:00 PM,42949.4,42969.0,42949.4,42963.8,42888.6425,42844.835,,,,
12/29/2022,02:44:00 PM,42963.8,42990.4,42955.7,42974.0,42890.7375,42847.79875,,,,
12/29/2022,02:45:00 PM,42975.3,42980.5,42965.2,42969.4,42892.175,42850.65875,,,,
12/29/2022,02:46:00 PM,42971.1,42990.6,42969.3,42984.9,42894.0625,42853.865000000005,,,,
12/29/2022,02:47:00 PM,42982.6,43001.5,42979.6,42996.8,42896.435000000005,42857.33125,,,,
12/29/2022,02:48:00 PM,42996.4,43013.4,42996.4,43001.4,42898.825,42860.8225,,,,
12/29/2022,02:49:00 PM,43002.5,43004.3,42978.5,42989.1,42900.88,42864.08125,,,,
12/29/2022,02:50:00 PM,42990.2,42996.2,42986.0,42991.4,42903.3875,42867.3325,,,,
12/29/2022,02:51:00 PM,42992.3,43000.0,42982.7,42996.6,42906.5,42870.82875,,,,
12/29/2022,02:52:00 PM,42994.2,43021.1,42994.2,43014.3,42909.9475,42874.35249999999,,,,
12/29/2022,02:53:00 PM,43015.4,43035.4,43015.1,43031.9,42913.6925,42878.04375,,,,
12/29/2022,02:54:00 PM,43027.8,43040.4,43024.6,43037.2,42917.3775,42881.735,,,,
12/29/2022,02:55:00 PM,43036.4,43081.4,43036.4,43075.4,42921.8525,42885.8975,,,,
12/29/2022,02:56:00 PM,43077.3,43082.9,43073.8,43079.9,42926.7225,42889.955,,,,
12/29/2022,02:57:00 PM,43079.0,43079.9,43042.8,43043.4,42930.85,42893.54,,,,
12/29/2022,02:58:00 PM,43042.4,43054.1,43020.1,43028.9,42934.94,42896.87125,,,,
12/29/2022,02:59:00 PM,43032.4,43043.1,43017.2,43041.7,42939.375,42900.280000000006,,,,
12/29/2022,03:00:00 PM,43047.8,43110.9,43047.8,43101.4,42945.2925,42904.3575,,,,
12/29/2022,03:01:00 PM,43105.4,43138.8,43088.9,43123.1,42951.075,42908.57,,,,
12/29/2022,03:02:00 PM,43130.6,43162.6,43124.4,43142.9,42957.365000000005,42913.05125,,,,
12/29/2022,03:03:00 PM,43149.3,43154.1,43117.2,43147.6,42963.8575,42917.51375,,,,
12/29/2022,03:04:00 PM,43141.8,43155.3,43135.7,43151.9,42971.265,42921.57125,,,,
12/29/2022,03:05:00 PM,43163.5,43182.3,43151.1,43173.4,42979.0825,42925.77375,,,,
12/29/2022,03:06:00 PM,43184.3,43191.4,43160.3,43160.3,42986.105,42929.4975,,,,
12/29/2022,03:07:00 PM,43155.6,43176.5,43153.6,43164.1,42993.25,42933.2175,,,,
12/29/2022,03:08:00 PM,43167.0,43206.0,43167.0,43193.4,43000.8825,42937.4675,,,,
12/29/2022,03:09:00 PM,43207.2,43225.6,43199.6,43209.2,43009.9525,42941.98,,,,
12/29/2022,03:10:00 PM,43216.4,43247.1,43204.4,43214.4,43018.85,42946.27375,,,,
12/29/2022,03:11:00 PM,43222.3,43257.5,43205.0,43243.0,43028.27,42950.88,,,,
12/29/2022,03:12:00 PM,43250.4,43277.3,43244.3,43262.6,43038.7075,42956.052500000005,,,,
12/29/2022,03:13:00 PM,43262.2,43301.9,43259.9,43259.9,43048.595,42961.31875,,,,
12/29/2022,03:14:00 PM,43265.1,43281.9,43261.6,43277.7,43058.497500000005,42967.153750000005,,,,
12/29/2022,03:15:00 PM,43276.2,43289.1,43266.3,43282.5,43068.025,42972.68125,,,,
12/29/2022,03:16:00 PM,43277.2,43313.1,43277.2,43283.4,43078.375,42978.035,,,,
12/29/2022,03:17:00 PM,43282.9,43302.6,43282.9,43283.4,43088.395,42983.24625,,,,
12/29/2022,03:18:00 PM,43290.6,43327.4,43287.6,43309.1,43098.55,42988.92125,,,,
12/29/2022,03:19:00 PM,43310.9,43312.3,43293.1,43298.5,43108.13,42994.35625,,,,
12/29/2022,03:20:00 PM,43293.5,43337.3,43292.2,43311.2,43117.41499999999,42999.69125,,,,
12/29/2022,03:21:00 PM,43315.0,43341.5,43307.6,43325.6,43127.1575,43005.59125,,,,
12/29/2022,03:22:00 PM,43328.9,43353.6,43328.9,43338.6,43136.9325,43011.60375,,,,
12/29/2022,03:23:00 PM,43349.5,43359.4,43330.4,43341.9,43146.385,43017.51375,,,,
12/29/2022,03:24:00 PM,43344.4,43364.3,43340.2,43345.4,43155.67,43023.20375,,,,
12/29/2022,03:25:00 PM,43345.3,43350.0,43296.8,43309.8,43164.18,43028.177500000005,,,,
12/29/2022,03:26:00 PM,43310.2,43332.7,43306.8,43317.6,43172.497500000005,43033.28,,,,
12/29/2022,03:27:00 PM,43316.1,43498.1,43314.4,43327.4,43180.7625,43038.59875,,,,
12/29/2022,03:28:00 PM,43326.6,43332.7,43286.8,43309.1,43188.455,43043.64,,,,
12/29/2022,03:29:00 PM,43309.4,43329.7,43296.4,43296.4,43196.1375,43048.50875,,,,
12/30/2022,09:15:00 AM,43412.3,43422.9,43337.2,43343.7,43204.945,43054.16625,,,,
12/30/2022,09:16:00 AM,43342.4,43368.3,43298.7,43303.3,43212.6125,43059.55625,,,,
12/30/2022,09:17:00 AM,43296.6,43309.6,43269.0,43280.3,43219.2625,43064.605,,,,
12/30/2022,09:18:00 AM,43280.5,43294.1,43244.2,43255.6,43224.855,43069.27375,,,,
12/30/2022,09:19:00 AM,43255.4,43288.1,43253.1,43263.2,43230.505000000005,43073.94125,,,,
12/30/2022,09:20:00 AM,43262.9,43304.3,43262.9,43299.3,43236.10249999999,43078.97749999999,,,,
12/30/2022,09:21:00 AM,43299.6,43308.3,43276.5,43278.7,43241.0725,43083.89750000001,,,,
12/30/2022,09:22:00 AM,43282.9,43325.9,43282.9,43324.1,43248.09,43089.47,,,,
12/30/2022,09:23:00 AM,43330.1,43349.6,43319.6,43325.1,43255.495,43095.2175,,,,
12/30/2022,09:24:00 AM,43334.4,43346.7,43308.1,43316.1,43262.355,43100.865,,,,
12/30/2022,09:25:00 AM,43315.4,43326.4,43296.0,43311.9,43267.6175,43106.455,,,,
12/30/2022,09:26:00 AM,43312.4,43327.4,43305.7,43322.9,43272.6125,43111.84375,,,,
12/30/2022,09:27:00 AM,43325.5,43327.9,43304.2,43313.7,43276.88249999999,43117.12375,,,,
12/30/2022,09:28:00 AM,43312.1,43318.1,43297.3,43297.3,43280.625,43122.24125000001,,,,
12/30/2022,09:29:00 AM,43301.4,43301.4,43279.9,43293.1,43284.155,43127.71,,,,
12/30/2022,09:30:00 AM,43292.9,43297.6,43275.6,43282.8,43286.89,43132.98625,,,,
12/30/2022,09:31:00 AM,43285.1,43291.9,43249.2,43250.3,43289.14,43137.6225,,,,
12/30/2022,09:32:00 AM,43252.7,43252.7,43195.9,43198.1,43289.990000000005,43141.62,,,,
12/30/2022,09:33:00 AM,43195.1,43199.9,43163.6,43166.9,43289.3275,43145.105,,,,
12/30/2022,09:34:00 AM,43168.1,43172.4,43143.8,43144.5,43287.71,43148.83125,,,,
12/30/2022,09:35:00 AM,43146.4,43176.5,43140.1,43174.8,43286.72,43152.785,,,,
12/30/2022,09:36:00 AM,43174.9,43179.6,43160.6,43164.7,43284.7625,43156.51625,,,,
12/30/2022,09:37:00 AM,43164.8,43191.1,43164.8,43186.7,43282.865000000005,43160.78625,,,,
12/30/2022,09:38:00 AM,43189.1,43241.5,43189.1,43238.1,43282.32,43165.4575,,,,
12/30/2022,09:39:00 AM,43237.7,43311.3,43237.7,43304.3,43282.985,43170.74125,,,,
12/30/2022,09:40:00 AM,43305.9,43308.4,43259.3,43261.4,43282.4575,43175.24125,,,,
12/30/2022,09:41:00 AM,43266.1,43281.1,43264.8,43269.7,43282.115000000005,43180.245,,,,
12/30/2022,09:42:00 AM,43274.9,43275.3,43230.9,43230.9,43280.802500000005,43184.59875,,,,
12/30/2022,09:43:00 AM,43227.4,43236.9,43210.7,43213.5,43278.4125,43188.48125,,,,
12/30/2022,09:44:00 AM,43221.3,43228.1,43201.4,43217.6,43276.39,43192.26,,,,
12/30/2022,09:45:00 AM,43211.1,43211.1,43190.9,43197.9,43273.5575,43195.48625,,,,
12/30/2022,09:46:00 AM,43198.3,43237.1,43198.3,43229.8,43271.1625,43199.16,,,,
12/30/2022,09:47:00 AM,43230.4,43240.9,43218.4,43237.6,43268.6375,43202.785,,,,
12/30/2022,09:48:00 AM,43235.9,43236.1,43211.6,43215.9,43265.4875,43205.93625,,,,
12/30/2022,09:49:00 AM,43215.4,43226.1,43189.6,43189.6,43261.5925,43208.63125,,,,
12/30/2022,09:50:00 AM,43189.1,43211.1,43175.3,43179.0,43258.3225,43211.25125,,,,
12/30/2022,09:51:00 AM,43181.1,43207.9,43175.4,43207.8,43255.5775,43214.0375,,,,
12/30/2022,09:52:00 AM,43204.9,43222.3,43204.9,43208.9,43252.615000000005,43216.68875,,,,
12/30/2022,09:53:00 AM,43212.8,43238.1,43208.4,43236.8,43250.8075,43219.63125,,,,
12/30/2022,09:54:00 AM,43235.5,43237.6,43230.8,43233.6,43249.2375,43222.6875,,,,
12/30/2022,09:55:00 AM,43235.6,43242.6,43221.4,43221.4,43246.18000000001,43225.5625,,,,
12/30/2022,09:56:00 AM,43220.7,43238.6,43216.3,43237.4,43244.5325,43228.5725,,,,
12/30/2022,09:57:00 AM,43237.4,43256.4,43237.4,43254.3,43243.8825,43231.5725,,,,
12/30/2022,09:58:00 AM,43258.1,43281.8,43253.5,43276.7,43244.41,43234.63249999999,,,,
12/30/2022,09:59:00 AM,43271.8,43274.4,43237.9,43238.6,43243.795,43237.15,,,,
12/30/2022,10:00:00 AM,43234.3,43240.1,43224.3,43226.6,43241.9775,43239.04,,,,
12/30/2022,10:01:00 AM,43228.6,43231.4,43208.4,43220.3,43240.5175,43240.795,,,43220.3,43226.200000000004
12/30/2022,10:02:00 AM,43222.7,43224.3,43200.2,43200.2,43237.42,43242.755,,,,
12/30/2022,10:03:00 AM,43201.6,43212.6,43198.8,43206.8,43234.4625,43244.97875,,,,
12/30/2022,10:04:00 AM,43208.1,43209.9,43190.4,43191.0,43231.33500000001,43246.845,,,,
12/30/2022,10:05:00 AM,43193.7,43203.0,43185.9,43187.8,43228.2325,43247.925,,,,
12/30/2022,10:06:00 AM,43188.1,43214.3,43180.6,43214.3,43225.5175,43249.065,,,,
12/30/2022,10:07:00 AM,43213.3,43214.2,43177.9,43180.4,43222.185000000005,43249.53375,,,,
12/30/2022,10:08:00 AM,43179.6,43184.8,43172.6,43184.8,43219.372500000005,43249.99875,,,,
12/30/2022,10:09:00 AM,43185.4,43186.1,43166.6,43166.6,43216.21,43250.1825,,,,
12/30/2022,10:10:00 AM,43167.3,43177.1,43157.6,43175.9,43213.5375,43250.21375,,,,
12/30/2022,10:11:00 AM,43175.1,43194.9,43172.9,43182.9,43211.8525,43250.49625,,,,
12/30/2022,10:12:00 AM,43181.9,43187.6,43175.1,43181.4,43211.435000000005,43250.7125,,,,
12/30/2022,10:13:00 AM,43180.3,43195.4,43180.3,43192.8,43212.0825,43250.705,,,,
12/30/2022,10:14:00 AM,43192.4,43196.7,43167.1,43171.7,43212.7625,43250.23625,,,,
12/30/2022,10:15:00 AM,43173.6,43192.6,43164.8,43185.0,43213.0175,43249.86875,,,,
12/30/2022,10:16:00 AM,43189.1,43195.4,43184.9,43190.1,43213.6525,43249.2075,,,,
12/30/2022,10:17:00 AM,43189.9,43191.5,43176.1,43176.1,43213.3875,43248.12625,,,,
12/30/2022,10:18:00 AM,43174.1,43178.1,43165.9,43176.5,43211.8475,43247.083750000005,,,,
12/30/2022,10:19:00 AM,43177.6,43191.1,43177.6,43179.1,43208.7175,43245.85125,,,,
12/30/2022,10:20:00 AM,43182.6,43218.1,43182.6,43214.4,43207.5425,43245.0,,,,
12/30/2022,10:21:00 AM,43217.4,43222.0,43200.4,43205.2,43205.93,43244.0225,,,,
12/30/2022,10:22:00 AM,43204.4,43206.6,43192.6,43194.3,43205.015,43242.90875,,,,
12/30/2022,10:23:00 AM,43195.6,43214.1,43189.6,43212.6,43204.9925,43241.7025,,,,
12/30/2022,10:24:00 AM,43212.8,43221.4,43210.9,43217.4,43204.9875,43240.68875,,,,
12/30/2022,10:25:00 AM,43219.8,43225.1,43216.6,43218.1,43205.4925,43239.525,,,,
12/30/2022,10:26:00 AM,43218.1,43241.9,43215.8,43241.4,43205.7825,43238.4725,,,,
12/30/2022,10:27:00 AM,43242.1,43256.7,43239.3,43247.3,43206.02500000001,43237.33125,,,,
12/30/2022,10:28:00 AM,43248.4,43265.8,43248.1,43259.6,43207.1175,43236.302500000005,,,,
12/30/2022,10:29:00 AM,43261.3,43272.9,43260.6,43269.4,43209.1125,43235.35249999999,,,,
12/30/2022,10:30:00 AM,43270.1,43271.9,43262.1,43265.2,43211.2675,43234.795,,,,
12/30/2022,10:31:00 AM,43263.9,43286.9,43262.4,43268.1,43212.775,43234.17625,,,,
12/30/2022,10:32:00 AM,43268.9,43274.2,43261.9,43261.9,43214.1,43233.3575,,,,
12/30/2022,10:33:00 AM,43258.4,43264.6,43248.7,43256.1,43214.5825,43232.695,,,,
12/30/2022,10:34:00 AM,43255.9,43265.4,43253.3,43261.4,43215.2775,43232.2575,,,,
12/30/2022,10:35:00 AM,43261.3,43261.3,43237.8,43239.4,43215.7275,43230.95375,,,,
12/30/2022,10:36:00 AM,43236.0,43247.6,43222.0,43222.0,43215.3425,43229.9375,,,,
12/30/2022,10:37:00 AM,43222.6,43234.6,43214.2,43227.3,43214.6675,43229.275,,,,
12/30/2022,10:38:00 AM,43226.4,43244.6,43224.7,43241.9,43213.7975,43229.10375,,,,
12/30/2022,10:39:00 AM,43242.1,43270.4,43238.5,43267.5,43214.52,43229.1575,,,,
12/30/2022,10:40:00 AM,43267.6,43290.1,43264.4,43283.1,43215.9325,43228.955,,,,
12/30/2022,10:41:00 AM,43281.4,43282.4,43268.8,43271.6,43217.215,43228.86625,,,,
12/30/2022,10:42:00 AM,43271.7,43272.7,43256.1,43260.2,43218.715,43228.0675,,,,
12/30/2022,10:43:00 AM,43261.3,43261.3,43245.9,43254.7,43219.9125,43227.1875,,,,
12/30/2022,10:44:00 AM,43255.6,43255.6,43236.5,43242.1,43221.19,43226.2625,,,,
12/30/2022,10:45:00 AM,43240.1,43241.6,43218.6,43222.9,43222.0675,43225.15,,,,
12/30/2022,10:46:00 AM,43222.9,43222.9,43197.1,43207.4,43221.895,43223.70625,,,,
12/30/2022,10:47:00 AM,43210.5,43215.8,43197.8,43204.9,43222.5075,43222.34625,43204.9,43161.9,,
12/30/2022,10:48:00 AM,43204.1,43211.4,43195.6,43210.0,43223.1375,43221.255,,,,
12/30/2022,10:49:00 AM,43205.4,43218.5,43204.2,43211.9,43224.27,43220.240000000005,,,,
12/30/2022,10:50:00 AM,43215.4,43219.4,43196.4,43198.9,43224.845,43219.19125,,,,
12/30/2022,10:51:00 AM,43198.6,43202.7,43194.4,43194.4,43225.1325,43218.4925,,,,
12/30/2022,10:52:00 AM,43197.1,43214.7,43192.1,43214.7,43225.965,43218.7,,,,
12/30/2022,10:53:00 AM,43208.9,43212.0,43203.1,43203.4,43226.23,43219.15625,,,,
12/30/2022,10:54:00 AM,43202.8,43205.8,43190.1,43193.6,43226.7775,43219.77,,,,
12/30/2022,10:55:00 AM,43195.2,43196.1,43176.9,43176.9,43226.575,43219.79625,,,,
12/30/2022,10:56:00 AM,43176.2,43180.1,43161.9,43161.9,43225.87,43219.76125,,,,
12/30/2022,10:57:00 AM,43163.5,43164.8,43151.0,43156.3,43225.375,43219.38125,,,,
12/30/2022,10:58:00 AM,43159.3,43183.4,43156.7,43179.5,43225.45,43218.64875,,,,
12/30/2022,10:59:00 AM,43177.5,43191.3,43174.6,43177.9,43225.42,43217.06875,,,,
12/30/2022,11:00:00 AM,43178.1,43193.3,43178.1,43188.8,43224.78,43216.161250000005,,,,
12/30/2022,11:01:00 AM,43187.6,43191.1,43176.9,43186.6,43224.315,43215.1225,,,,
12/30/2022,11:02:00 AM,43186.4,43197.7,43184.4,43196.6,43224.3725,43214.69375,,,,
12/30/2022,11:03:00 AM,43199.4,43208.6,43192.6,43197.3,43223.990000000005,43214.49125,,,,
12/30/2022,11:04:00 AM,43193.3,43193.3,43178.1,43181.5,43223.0925,43214.04,,,,
12/30/2022,11:05:00 AM,43179.3,43185.1,43171.9,43176.1,43222.0425,43213.7675,,,,
12/30/2022,11:06:00 AM,43177.4,43177.4,43160.0,43173.3,43220.34,43213.061250000006,,,,
12/30/2022,11:07:00 AM,43177.8,43200.1,43173.6,43194.4,43219.0175,43212.521250000005,,,,
12/30/2022,11:08:00 AM,43190.9,43200.1,43175.9,43175.9,43216.925,43212.021250000005,,,,
12/30/2022,11:09:00 AM,43174.6,43183.9,43164.9,43181.1,43214.7175,43211.915,,,,
12/30/2022,11:10:00 AM,43180.6,43185.6,43160.9,43167.8,43212.2825,43211.775,,,,
12/30/2022,11:11:00 AM,43163.8,43178.3,43162.6,43175.3,43209.9625,43211.36875,,,43175.3,43207.200000000004
12/30/2022,11:12:00 AM,43174.3,43178.6,43172.2,43174.6,43207.78,43210.94,,,,
12/30/2022,11:13:00 AM,43174.8,43178.1,43168.9,43174.8,43205.747500000005,43210.165,,,,
12/30/2022,11:14:00 AM,43175.6,43182.3,43171.3,43179.1,43203.69,43209.48375,,,,
12/30/2022,11:15:00 AM,43179.9,43184.6,43168.9,43170.9,43201.9775,43208.8525,,,,
12/30/2022,11:16:00 AM,43165.9,43167.8,43099.6,43112.9,43199.25,43207.29625,,,,
12/30/2022,11:17:00 AM,43113.9,43136.9,43095.1,43114.5,43196.43,43205.54875,,,,
12/30/2022,11:18:00 AM,43115.9,43131.9,43111.1,43130.3,43193.64,43203.71875000001,,,,
12/30/2022,11:19:00 AM,43131.7,43131.7,43112.2,43117.8,43189.89750000001,43202.208750000005,,,,
12/30/2022,11:20:00 AM,43119.2,43126.4,43111.7,43122.9,43185.8925,43200.9125,,,,
12/30/2022,11:21:00 AM,43120.8,43123.6,43110.6,43117.7,43182.045,43199.630000000005,,,,
12/30/2022,11:22:00 AM,43118.3,43143.1,43116.4,43138.8,43179.01,43198.8625,,,,
12/30/2022,11:23:00 AM,43140.7,43146.5,43135.8,43143.4,43176.2275,43198.07,,,,
12/30/2022,11:24:00 AM,43143.5,43144.7,43128.1,43128.9,43173.3975,43197.29375,,,,
12/30/2022,11:25:00 AM,43128.8,43135.8,43125.3,43129.1,43171.052500000005,43196.56,,,,
12/30/2022,11:26:00 AM,43129.9,43141.1,43125.1,43132.1,43169.17,43195.5325,,,,
12/30/2022,11:27:00 AM,43135.1,43135.5,43125.5,43131.6,43167.3375,43194.9225,,,,
12/30/2022,11:28:00 AM,43130.8,43134.4,43127.8,43132.9,43165.41,43194.27375,,,,
12/30/2022,11:29:00 AM,43134.3,43134.3,43121.4,43125.3,43163.245,43193.7575,,,,
12/30/2022,11:30:00 AM,43122.6,43125.4,43104.4,43108.9,43160.995,43192.92,,,,
12/30/2022,11:31:00 AM,43109.1,43109.1,43097.1,43102.3,43158.6925,43191.9125,,,,
12/30/2022,11:32:00 AM,43104.1,43104.1,43091.3,43095.6,43155.715,43190.84,,,,
12/30/2022,11:33:00 AM,43094.1,43121.6,43093.8,43121.6,43153.67,43189.95,,,,
12/30/2022,11:34:00 AM,43122.4,43146.8,43117.7,43146.8,43152.5,43189.63875,,,,
12/30/2022,11:35:00 AM,43146.3,43150.9,43131.1,43138.4,43151.5375,43189.05625,,,,
12/30/2022,11:36:00 AM,43138.8,43139.5,43127.8,43133.5,43150.8275,43188.34875,,,,
12/30/2022,11:37:00 AM,43132.3,43134.6,43124.6,43127.9,43150.1175,43187.74625,,,,
12/30/2022,11:38:00 AM,43129.6,43133.4,43120.1,43130.1,43148.8825,43187.16625,,,,
12/30/2022,11:39:00 AM,43130.9,43140.4,43124.9,43124.9,43147.5575,43186.48875,,,,
12/30/2022,11:40:00 AM,43126.8,43126.8,43112.9,43115.3,43145.72,43185.25,,,,
12/30/2022,11:41:00 AM,43114.3,43121.8,43112.9,43116.6,43143.97,43184.1425,,,,
12/30/2022,11:42:00 AM,43118.5,43131.3,43118.0,43121.4,43142.09,43183.23125,,,,
12/30/2022,11:43:00 AM,43122.1,43122.6,43103.8,43109.5,43139.895,43181.9425,,,,
12/30/2022,11:44:00 AM,43115.6,43117.6,43104.2,43108.6,43138.0725,43180.5825,,,,
12/30/2022,11:45:00 AM,43107.1,43110.3,43088.5,43094.6,43136.035,43179.03875,,,,
12/30/2022,11:46:00 AM,43095.1,43108.8,43092.4,43106.7,43134.37,43177.355,,,,
12/30/2022,11:47:00 AM,43107.8,43126.3,43103.7,43119.4,43132.495,43175.75625,,,,
12/30/2022,11:48:00 AM,43123.9,43123.9,43110.6,43114.4,43130.9575,43173.94125,,,,
12/30/2022,11:49:00 AM,43117.4,43117.4,43098.1,43098.1,43128.8825,43171.8,,,,
12/30/2022,11:50:00 AM,43100.2,43109.1,43097.5,43107.4,43127.3725,43169.8275,,,,
12/30/2022,11:51:00 AM,43107.1,43114.3,43102.6,43103.6,43125.58,43167.77125,,,,
12/30/2022,11:52:00 AM,43109.7,43111.1,43091.5,43098.1,43123.6675,43165.72375,,,,
12/30/2022,11:53:00 AM,43096.8,43099.8,43087.2,43092.2,43121.6025,43163.675,,,,
12/30/2022,11:54:00 AM,43091.6,43110.9,43089.7,43105.4,43119.76,43161.725,,,,
12/30/2022,11:55:00 AM,43105.6,43116.3,43102.6,43111.8,43118.2825,43160.13,,,,
12/30/2022,11:56:00 AM,43110.8,43110.8,43099.0,43099.0,43117.935000000005,43158.5925,,,,
12/30/2022,11:57:00 AM,43099.5,43100.8,43078.4,43081.6,43117.1125,43156.771250000005,,,,
12/30/2022,11:58:00 AM,43082.1,43091.9,43081.6,43089.9,43116.1025,43154.87125,,,,
12/30/2022,11:59:00 AM,43088.3,43089.0,43068.2,43073.4,43114.9925,43152.445,,,,
12/30/2022,12:00:00 PM,43076.7,43093.7,43055.6,43085.9,43114.067500000005,43149.98,,,,
12/30/2022,12:01:00 PM,43092.6,43113.5,43085.4,43099.6,43113.615000000005,43147.83,,,,
12/30/2022,12:02:00 PM,43100.0,43106.7,43090.9,43093.6,43112.485,43145.7475,,,,
12/30/2022,12:03:00 PM,43091.6,43132.0,43091.0,43132.0,43112.2,43144.21375,,,,
12/30/2022,12:04:00 PM,43125.4,43140.8,43116.0,43122.4,43112.0375,43142.717500000006,,,,
12/30/2022,12:05:00 PM,43129.3,43132.4,43118.4,43123.4,43111.895,43141.473750000005,,,,
12/30/2022,12:06:00 PM,43134.1,43156.1,43127.6,43146.6,43112.2575,43140.71375,,,,
12/30/2022,12:07:00 PM,43147.5,43173.8,43147.5,43162.1,43113.02,43140.17875,,,,
12/30/2022,12:08:00 PM,43164.2,43164.2,43148.6,43155.9,43113.595,43139.5025,,,,
12/30/2022,12:09:00 PM,43156.9,43161.3,43148.9,43153.1,43114.29,43138.7675,,,,
12/30/2022,12:10:00 PM,43155.1,43155.1,43143.9,43148.2,43115.27250000001,43138.13375,,,,
12/30/2022,12:11:00 PM,43149.6,43154.6,43142.6,43151.8,43116.51,43137.60125,,,,
12/30/2022,12:12:00 PM,43155.0,43157.2,43148.1,43149.9,43117.8675,43136.79125,,,,
12/30/2022,12:13:00 PM,43151.9,43156.1,43139.6,43146.1,43118.48,43136.075,,,,
12/30/2022,12:14:00 PM,43145.0,43145.5,43118.3,43118.3,43117.7675,43135.13375,,,,
12/30/2022,12:15:00 PM,43122.3,43145.7,43117.9,43128.9,43117.53,43134.53375,,,,
12/30/2022,12:16:00 PM,43133.3,43142.6,43129.1,43137.1,43117.62,43134.223750000005,,,,
12/30/2022,12:17:00 PM,43138.0,43143.8,43134.4,43136.1,43117.825,43133.97125,,,,
12/30/2022,12:18:00 PM,43137.8,43145.6,43135.2,43142.4,43118.1325,43133.5075,,,,
12/30/2022,12:19:00 PM,43144.0,43153.6,43132.7,43150.2,43118.765,43133.16125,,,,
12/30/2022,12:20:00 PM,43150.8,43158.9,43145.6,43154.3,43119.740000000005,43132.73,,,,
12/30/2022,12:21:00 PM,43160.6,43164.5,43147.1,43152.2,43120.63,43132.3,,,,
12/30/2022,12:22:00 PM,43148.6,43165.6,43145.8,43163.3,43121.677500000005,43131.88375,,,,
12/30/2022,12:23:00 PM,43166.2,43166.2,43134.9,43134.9,43122.3125,43131.10375,,,,
12/30/2022,12:24:00 PM,43135.2,43145.4,43134.1,43137.3,43123.03,43130.55125,,,,
12/30/2022,12:25:00 PM,43148.9,43148.9,43122.9,43130.5,43123.927500000005,43129.98125,,,,
12/30/2022,12:26:00 PM,43135.9,43141.4,43128.6,43136.1,43124.6625,43129.51625,,,,
12/30/2022,12:27:00 PM,43139.6,43140.6,43127.6,43128.0,43124.8775,43128.68625,,,,
12/30/2022,12:28:00 PM,43131.1,43137.4,43127.9,43128.0,43125.2175,43128.0875,,,,
12/30/2022,12:29:00 PM,43129.6,43137.6,43114.4,43114.4,43125.625,43127.25375,,,,
12/30/2022,12:30:00 PM,43118.8,43130.5,43110.3,43124.6,43126.055,43126.71375,,,,
12/30/2022,12:31:00 PM,43127.9,43139.9,43120.2,43125.3,43126.5975,43126.08875,43125.3,43143.4,,
12/30/2022,12:32:00 PM,43123.7,43134.6,43119.6,43132.6,43127.46000000001,43125.56375,,,,
12/30/2022,12:33:00 PM,43128.3,43138.3,43127.0,43127.1,43128.3325,43124.9675,,,,
12/30/2022,12:34:00 PM,43128.6,43134.4,43120.7,43128.1,43128.9,43124.33,,,,
12/30/2022,12:35:00 PM,43131.4,43144.1,43125.1,43141.6,43129.645,43123.96375,,,,
12/30/2022,12:36:00 PM,43147.9,43174.3,43143.6,43167.4,43131.355,43124.645,,,,
12/30/2022,12:37:00 PM,43166.1,43170.3,43158.6,43164.8,43133.435000000005,43125.27375,,,,
12/30/2022,12:38:00 PM,43165.4,43182.1,43163.6,43178.7,43135.655,43125.87875,,,,
12/30/2022,12:39:00 PM,43179.6,43185.9,43172.4,43177.6,43138.26,43126.62625,,,,
12/30/2022,12:40:00 PM,43183.3,43184.3,43168.9,43174.7,43140.48,43127.27375,,,,
12/30/2022,12:41:00 PM,43182.4,43182.4,43168.7,43170.4,43142.25,43127.9325,,,,
12/30/2022,12:42:00 PM,43169.9,43179.1,43165.4,43175.4,43144.295,43128.39,,,,
12/30/2022,12:43:00 PM,43173.6,43184.3,43168.1,43179.1,43145.4725,43128.83625000001,,,,
12/30/2022,12:44:00 PM,43180.6,43195.9,43176.4,43190.2,43147.1675,43129.60249999999,,,,
12/30/2022,12:45:00 PM,43190.9,43197.6,43184.4,43186.6,43148.7475,43130.32125,,,,
12/30/2022,12:46:00 PM,43191.1,43191.1,43169.9,43177.9,43149.53,43130.89375,,,,
12/30/2022,12:47:00 PM,43181.3,43181.3,43168.1,43170.9,43149.75,43131.385,,,,
12/30/2022,12:48:00 PM,43171.6,43173.5,43157.9,43160.4,43149.8625,43131.72875,,,,
12/30/2022,12:49:00 PM,43162.6,43173.6,43149.1,43172.3,43150.3425,43132.31625,,,,
12/30/2022,12:50:00 PM,43170.4,43182.3,43163.4,43182.3,43151.195,43133.23375,,,,
12/30/2022,12:51:00 PM,43182.5,43191.3,43179.6,43182.1,43151.9525,43134.23125,,,,
12/30/2022,12:52:00 PM,43184.1,43189.6,43170.0,43173.8,43152.55,43135.208750000005,,,,
12/30/2022,12:53:00 PM,43171.8,43176.9,43155.8,43176.9,43153.32,43135.9,,,,
12/30/2022,12:54:00 PM,43171.9,43192.7,43171.1,43187.1,43155.03999999999,43136.403750000005,,,,
12/30/2022,12:55:00 PM,43186.4,43189.9,43167.4,43171.5,43156.105,43136.817500000005,,,,
12/30/2022,12:56:00 PM,43170.9,43174.5,43161.1,43162.9,43156.75,43137.185000000005,,,,
12/30/2022,12:57:00 PM,43161.2,43176.4,43161.2,43174.5,43157.71000000001,43137.7675,,,,
12/30/2022,12:58:00 PM,43171.4,43171.6,43158.3,43164.8,43158.27,43138.20125,,,,
12/30/2022,12:59:00 PM,43162.3,43168.1,43156.4,43161.5,43158.5525,43138.65875,,,,
12/30/2022,01:00:00 PM,43162.8,43180.1,43156.6,43175.4,43159.08,43139.41,,,,
12/30/2022,01:01:00 PM,43173.1,43178.5,43132.2,43143.4,43158.86,43139.745,,,,
12/30/2022,01:02:00 PM,43141.4,43143.9,43112.3,43117.1,43157.705,43139.69125,,,,
12/30/2022,01:03:00 PM,43109.8,43114.8,43100.8,43108.6,43157.0475,43139.68,,,,
12/30/2022,01:04:00 PM,43108.5,43108.5,43076.7,43078.4,43155.575,43139.3025,,,,
12/30/2022,01:05:00 PM,43080.6,43080.6,43047.9,43065.8,43153.9575,43138.9425,,,,
12/30/2022,01:06:00 PM,43070.6,43104.8,43062.9,43104.8,43153.175,43138.91875,,,,
12/30/2022,01:07:00 PM,43103.9,43107.6,43091.1,43102.9,43152.5475,43138.7125,,,,
12/30/2022,01:08:00 PM,43098.9,43113.4,43095.9,43109.0,43152.0725,43138.645,,,,
12/30/2022,01:09:00 PM,43112.0,43123.6,43103.7,43111.6,43152.0025,43138.81375,,,,
12/30/2022,01:10:00 PM,43108.7,43111.4,43086.9,43090.6,43151.1525,43138.60375,,,,
12/30/2022,01:11:00 PM,43092.8,43107.0,43087.0,43099.6,43150.51,43138.55375000001,,,,
12/30/2022,01:12:00 PM,43100.3,43100.3,43069.9,43077.8,43149.14,43138.3,,,,
12/30/2022,01:13:00 PM,43070.7,43080.3,43065.2,43075.7,43147.855,43138.09375,,,,
12/30/2022,01:14:00 PM,43071.4,43080.3,43066.3,43076.0,43146.552500000005,43137.72625,,,,
12/30/2022,01:15:00 PM,43069.3,43074.0,43056.9,43064.6,43144.6275,43137.13625,,,,
12/30/2022,01:16:00 PM,43063.9,43065.9,43042.8,43048.1,43141.645,43136.5,,,,
12/30/2022,01:17:00 PM,43048.4,43063.1,43046.3,43054.1,43138.8775,43136.15625,,,,
12/30/2022,01:18:00 PM,43052.7,43070.7,43050.4,43061.3,43135.9425,43135.79875,,,,
12/30/2022,01:19:00 PM,43060.3,43101.9,43057.1,43086.4,43133.6625,43135.96125,,,43086.4,43078.9
12/30/2022,01:20:00 PM,43081.5,43085.1,43072.1,43080.8,43131.315,43135.8975,,,,
12/30/2022,01:21:00 PM,43084.8,43095.9,43075.9,43094.6,43129.42,43135.835,,,,
12/30/2022,01:22:00 PM,43096.9,43096.9,43076.5,43076.7,43126.9525,43135.623750000006,,,,
12/30/2022,01:23:00 PM,43076.4,43080.0,43065.6,43071.4,43124.26,43134.86625000001,,,,
12/30/2022,01:24:00 PM,43068.6,43073.9,43062.8,43068.3,43121.2125,43134.19,,,,
12/30/2022,01:25:00 PM,43064.7,43087.7,43057.0,43087.7,43118.740000000005,43133.74375,,,,
12/30/2022,01:26:00 PM,43087.4,43088.4,43076.5,43076.5,43116.205,43132.8675,,,,
12/30/2022,01:27:00 PM,43075.9,43085.9,43069.6,43085.6,43114.0725,43131.911250000005,,,,
12/30/2022,01:28:00 PM,43089.2,43108.6,43079.1,43108.6,43112.7775,43131.31999999999,,,,
12/30/2022,01:29:00 PM,43105.3,43118.4,43093.3,43114.4,43111.33,43130.83625000001,,,,
12/30/2022,01:30:00 PM,43113.7,43118.6,43090.4,43093.8,43109.1175,43130.15625,,,,
12/30/2022,01:31:00 PM,43097.3,43105.9,43092.1,43095.1,43106.942500000005,43129.4475,,,,
12/30/2022,01:32:00 PM,43090.7,43099.3,43084.9,43085.9,43104.745,43128.6475,,,,
12/30/2022,01:33:00 PM,43084.8,43101.1,43077.8,43100.9,43102.845,43128.0825,,,,
12/30/2022,01:34:00 PM,43100.4,43119.3,43096.7,43115.3,43101.05,43128.045,,,,
12/30/2022,01:35:00 PM,43111.5,43119.4,43102.1,43112.3,43099.57,43127.8375,,,,
12/30/2022,01:36:00 PM,43116.0,43118.6,43103.7,43111.3,43098.28,43127.515,,,,
12/30/2022,01:37:00 PM,43110.5,43110.5,43084.6,43086.9,43096.09,43126.9,,,,
12/30/2022,01:38:00 PM,43085.0,43095.6,43081.7,43092.3,43094.2775,43126.27375,,,,
12/30/2022,01:39:00 PM,43090.9,43094.4,43078.2,43081.8,43092.285,43125.41875,,,,
12/30/2022,01:40:00 PM,43082.9,43085.6,43068.6,43073.6,43089.74,43124.41,,,,
12/30/2022,01:41:00 PM,43075.1,43075.9,43064.1,43070.1,43087.9075,43123.38375,,,,
12/30/2022,01:42:00 PM,43070.6,43076.1,43060.7,43060.7,43086.4975,43122.10125,,,,
12/30/2022,01:43:00 PM,43060.8,43077.3,43051.3,43052.9,43085.105,43121.07625,,,,
12/30/2022,01:44:00 PM,43057.7,43070.5,43046.4,43060.3,43084.6525,43120.11375,,,,
12/30/2022,01:45:00 PM,43064.4,43089.1,43057.1,43077.6,43084.9475,43119.4525,,,,
12/30/2022,01:46:00 PM,43075.6,43093.9,43068.3,43093.9,43084.675,43118.925,,,,
12/30/2022,01:47:00 PM,43090.1,43090.1,43076.5,43084.6,43084.2175,43118.3825,,,,
12/30/2022,01:48:00 PM,43083.9,43085.9,43064.7,43070.1,43083.245,43117.65875,,,,
12/30/2022,01:49:00 PM,43068.9,43083.9,43066.6,43078.8,43082.425,43117.21375,,,,
12/30/2022,01:50:00 PM,43081.4,43081.4,43058.3,43058.3,43081.6175,43116.385,,,,
12/30/2022,01:51:00 PM,43060.9,43063.8,42991.6,42998.3,43079.085,43114.7975,,,,
12/30/2022,01:52:00 PM,43001.5,43020.5,42997.6,43009.7,43077.3825,43113.26125,,,,
12/30/2022,01:53:00 PM,43014.8,43018.6,43006.4,43017.6,43075.93,43111.8925,,,,
12/30/2022,01:54:00 PM,43017.8,43035.6,43006.5,43031.9,43074.8275,43110.69,,,,
12/30/2022,01:55:00 PM,43031.4,43035.4,43017.9,43030.1,43073.965,43109.29625,,,,
12/30/2022,01:56:00 PM,43030.6,43034.3,43018.4,43022.5,43073.325,43107.485,,,,
12/30/2022,01:57:00 PM,43025.3,43037.4,43020.6,43026.3,43072.630000000005,43105.75375,,,,
12/30/2022,01:58:00 PM,43030.8,43030.8,43013.3,43014.6,43071.4625,43103.7025,,,,
12/30/2022,01:59:00 PM,43018.9,43026.2,43008.8,43008.8,43069.5225,43101.5925,,,,
12/30/2022,02:00:00 PM,43015.4,43023.4,43005.9,43015.2,43067.8825,43099.598750000005,,,,
12/30/2022,02:01:00 PM,43017.8,43028.9,43008.6,43025.1,43066.145,43097.7825,,,,
12/30/2022,02:02:00 PM,43027.4,43058.7,43023.4,43041.6,43065.2675,43096.11,,,,
12/30/2022,02:03:00 PM,43044.8,43053.4,43030.0,43033.1,43064.31,43094.285,,,,
12/30/2022,02:04:00 PM,43037.8,43037.8,43011.0,43016.3,43063.01,43092.11125,,,,
12/30/2022,02:05:00 PM,43026.8,43038.6,43017.8,43038.1,43061.77,43090.255,,,,
12/30/2022,02:06:00 PM,43050.6,43070.5,43042.8,43061.9,43061.405,43088.805,,,,
12/30/2022,02:07:00 PM,43065.6,43072.3,43059.6,43064.7,43060.8825,43087.4775,,,,
12/30/2022,02:08:00 PM,43065.1,43075.6,43060.9,43075.4,43060.0525,43086.41499999999,,,,
12/30/2022,02:09:00 PM,43078.3,43078.9,43058.9,43064.6,43058.8075,43085.06875,,,,
12/30/2022,02:10:00 PM,43074.4,43108.6,43072.6,43108.1,43059.165,43084.14125,,,,
12/30/2022,02:11:00 PM,43117.9,43153.1,43110.9,43153.1,43060.615,43083.778750000005,,,,
12/30/2022,02:12:00 PM,43158.3,43158.3,43132.4,43144.5,43062.08,43083.4125,,,,
12/30/2022,02:13:00 PM,43147.2,43150.4,43135.9,43142.7,43063.125,43082.985,,,,
12/30/2022,02:14:00 PM,43148.8,43149.2,43132.5,43134.6,43063.6075,43082.32875,,,,
12/30/2022,02:15:00 PM,43137.2,43140.3,43127.9,43134.4,43064.16,43081.865,,,,
12/30/2022,02:16:00 PM,43137.4,43138.3,43125.7,43128.0,43064.5775,43081.42875,,,,
12/30/2022,02:17:00 PM,43132.4,43132.4,43104.4,43118.1,43065.3575,43080.72375,,,,
12/30/2022,02:18:00 PM,43119.1,43122.2,43094.9,43113.8,43065.895,43080.08625,,,,
12/30/2022,02:19:00 PM,43114.6,43122.2,43106.9,43115.6,43066.74,43079.5125,,,,
12/30/2022,02:20:00 PM,43121.9,43130.8,43115.4,43126.8,43068.07,43078.905000000006,,,,
12/30/2022,02:21:00 PM,43130.6,43131.9,43113.6,43116.2,43069.2225,43078.565,,,,
12/30/2022,02:22:00 PM,43110.8,43122.7,43099.4,43106.5,43070.3675,43078.4325,,,,
12/30/2022,02:23:00 PM,43104.4,43107.0,43087.3,43099.4,43071.53,43078.3175,,,,
12/30/2022,02:24:00 PM,43095.6,43105.6,43088.4,43096.0,43072.4225,43078.5375,,,,
12/30/2022,02:25:00 PM,43099.3,43101.1,43076.1,43076.1,43072.385,43078.66625,,,,
12/30/2022,02:26:00 PM,43081.0,43085.6,43069.4,43079.3,43072.02,43078.3475,,,,
12/30/2022,02:27:00 PM,43077.1,43086.9,43074.7,43086.3,43072.0625,43078.14,,,,
12/30/2022,02:28:00 PM,43087.6,43126.8,43086.2,43111.1,43073.0875,43078.16625,,,,
12/30/2022,02:29:00 PM,43112.6,43112.6,43071.6,43071.6,43072.9075,43077.66625,,,,
12/30/2022,02:30:00 PM,43057.7,43091.2,43051.9,43089.0,43073.675,43077.646250000005,,,,
12/30/2022,02:31:00 PM,43090.0,43100.8,43076.1,43087.4,43075.9025,43077.49375,,,,
12/30/2022,02:32:00 PM,43089.1,43099.3,43083.6,43088.6,43077.875,43077.62875,43088.6,43130.6,,
12/30/2022,02:33:00 PM,43086.6,43097.8,43078.6,43097.8,43079.88,43077.905,,,,
12/30/2022,02:34:00 PM,43094.7,43099.6,43079.2,43083.6,43081.1725,43078.0,,,,
12/30/2022,02:35:00 PM,43083.7,43086.0,43069.8,43071.6,43082.21,43078.0875,,,,
12/30/2022,02:36:00 PM,43067.2,43073.6,43056.9,43066.9,43083.32,43078.3225,,,,
12/30/2022,02:37:00 PM,43069.8,43084.6,43069.8,43070.9,43084.435,43078.5325,,,,
12/30/2022,02:38:00 PM,43072.4,43091.9,43071.8,43091.9,43086.3675,43078.91499999999,,,,
12/30/2022,02:39:00 PM,43090.3,43111.4,43090.3,43097.2,43088.5775,43079.05,,,,
12/30/2022,02:40:00 PM,43097.4,43105.5,43082.6,43096.6,43090.6125,43079.247500000005,,,,
12/30/2022,02:41:00 PM,43102.9,43103.9,43087.0,43100.4,43092.495,43079.32,,,,
12/30/2022,02:42:00 PM,43095.1,43097.8,43088.6,43094.9,43093.8275,43079.5475,,,,
12/30/2022,02:43:00 PM,43092.6,43095.3,43076.9,43080.6,43095.015,43079.6625,,,,
12/30/2022,02:44:00 PM,43078.6,43086.1,43071.2,43080.1,43096.61,43079.810000000005,,,,
12/30/2022,02:45:00 PM,43078.8,43111.3,43078.8,43101.4,43098.192500000005,43079.98125,,,,
12/30/2022,02:46:00 PM,43100.0,43124.7,43097.5,43123.1,43099.7225,43080.56375,,,,
12/30/2022,02:47:00 PM,43114.4,43128.9,43108.9,43120.6,43101.12,43081.00125,,,,
12/30/2022,02:48:00 PM,43119.9,43137.9,43119.9,43137.1,43102.6625,43081.3575,,,,
12/30/2022,02:49:00 PM,43134.1,43141.0,43097.4,43109.4,43103.7825,43081.295,,,,
12/30/2022,02:50:00 PM,43108.3,43119.4,43097.3,43113.3,43103.9125,43081.53875,,,,
12/30/2022,02:51:00 PM,43112.1,43159.4,43109.4,43155.3,43103.9675,43082.29125,,,,
12/30/2022,02:52:00 PM,43159.1,43161.8,43146.5,43148.4,43104.065,43083.0725,,,,
12/30/2022,02:53:00 PM,43149.9,43155.6,43138.4,43155.6,43104.3875,43083.75625,,,,
12/30/2022,02:54:00 PM,43159.6,43187.1,43155.4,43187.1,43105.7,43084.65375,,,,
12/30/2022,02:55:00 PM,43198.1,43203.6,43172.1,43174.7,43106.7075,43085.43375,,,,
12/30/2022,02:56:00 PM,43173.9,43178.3,43156.6,43161.1,43107.535,43086.05625,,,,
12/30/2022,02:57:00 PM,43160.6,43162.1,43115.9,43130.6,43107.8475,43086.60249999999,,,,
12/30/2022,02:58:00 PM,43134.4,43155.2,43130.0,43146.5,43108.66499999999,43087.28,,,,
12/30/2022,02:59:00 PM,43151.2,43163.9,43141.1,43162.3,43109.8325,43088.286250000005,,,,
12/30/2022,03:00:00 PM,43161.3,43177.6,43081.8,43093.8,43109.0075,43088.53875,,,,
12/30/2022,03:01:00 PM,43097.3,43097.3,43012.4,43014.3,43106.46000000001,43087.84125,,,,
12/30/2022,03:02:00 PM,43015.5,43015.5,42884.0,42888.4,43101.0075,43085.6875,,,,
12/30/2022,03:03:00 PM,42868.3,42937.9,42833.1,42937.9,43096.97,43084.25,,,,
12/30/2022,03:04:00 PM,42934.8,42935.4,42870.1,42890.4,43091.83,43082.12625,,,,
12/30/2022,03:05:00 PM,42890.1,42913.0,42882.6,42894.4,43087.2875,43079.83625,,,,
12/30/2022,03:06:00 PM,42894.9,42937.4,42889.1,42929.6,43083.545,43077.7825,,,,
12/30/2022,03:07:00 PM,42935.9,42988.3,42935.1,42949.6,43080.1275,43076.095,,,,
12/30/2022,03:08:00 PM,42958.1,43001.4,42955.4,42972.1,43076.6525,43074.87,,,,
12/30/2022,03:09:00 PM,42975.9,42984.6,42964.4,42981.7,43074.405,43073.65625,,,,
12/30/2022,03:10:00 PM,42994.1,42994.1,42956.1,42966.4,43071.34,43072.50749999999,,,42966.4,42935.9
12/30/2022,03:11:00 PM,42973.8,42998.6,42969.6,42996.9,43069.0775,43072.490000000005,,,,
12/30/2022,03:12:00 PM,43000.5,43002.1,42979.2,42980.0,43066.3625,43072.11875,,,,
12/30/2022,03:13:00 PM,42988.5,43003.3,42972.7,42974.6,43063.2825,43071.58125,,,,
12/30/2022,03:14:00 PM,42979.6,42993.1,42969.7,42972.6,43060.50749999999,43070.84,,,,
12/30/2022,03:15:00 PM,42974.1,42978.6,42957.9,42959.4,43057.7025,43069.95625,,,,
12/30/2022,03:16:00 PM,42966.7,42977.5,42948.8,42948.8,43054.75,43069.035,,,,
12/30/2022,03:17:00 PM,42952.6,42954.2,42932.4,42946.1,43051.63,43068.0325,,,,
12/30/2022,03:18:00 PM,42955.1,42955.1,42938.2,42947.2,43048.0125,43067.19,,,,
12/30/2022,03:19:00 PM,42950.0,42953.9,42928.2,42928.2,43043.7875,43066.1825,,,,
12/30/2022,03:20:00 PM,42936.6,42952.4,42927.9,42936.0,43039.77250000001,43065.1925,,,,
12/30/2022,03:21:00 PM,42940.4,42996.1,42940.4,42985.6,43036.9025,43064.69875,,,,
12/30/2022,03:22:00 PM,42984.1,43041.6,42984.1,43027.7,43035.2225,43064.525,,,,
12/30/2022,03:23:00 PM,43034.8,43081.3,43026.3,43062.8,43034.7775,43064.896250000005,,,,
12/30/2022,03:24:00 PM,43066.4,43074.5,43046.4,43068.9,43034.497500000005,43065.55375000001,,,,
12/30/2022,03:25:00 PM,43067.6,43074.5,43032.6,43037.7,43032.905,43065.54875,,,,
12/30/2022,03:26:00 PM,43035.2,43080.4,43035.2,43077.0,43031.7525,43065.7375,,,,
12/30/2022,03:27:00 PM,43079.8,43094.9,43075.1,43075.3,43030.62,43065.87,,,,
12/30/2022,03:28:00 PM,43073.1,43080.9,43030.3,43034.1,43028.045,43065.35375,,,,
12/30/2022,03:29:00 PM,43034.5,43049.0,43022.9,43038.5,43026.2725,43065.0275,,,,
12/30/2022,03:30:00 PM,43033.2,43033.2,43033.2,43033.2,43024.27,43064.09125,,,,